vector,nivel,nivel_nome,melhor_referencia
"(1, 1, 1, 1, 1)",3,Estruturação,NEUTRO
"(1, 1, 1, 1, 2)",3,Estruturação,NEUTRO
"(1, 1, 1, 1, 3)",3,Estruturação,NEUTRO
"(1, 1, 1, 1, 4)",3,Estruturação,NEUTRO
"(1, 1, 1, 1, 5)",3,Estruturação,NEUTRO
"(1, 1, 1, 2, 1)",3,Estruturação,NEUTRO
"(1, 1, 1, 2, 2)",3,Estruturação,NEUTRO
"(1, 1, 1, 2, 3)",3,Estruturação,NEUTRO
"(1, 1, 1, 2, 4)",3,Estruturação,NEUTRO
"(1, 1, 1, 2, 5)",3,Estruturação,NEUTRO
"(1, 1, 1, 3, 1)",3,Estruturação,NEUTRO
"(1, 1, 1, 3, 2)",3,Estruturação,NEUTRO
"(1, 1, 1, 3, 3)",3,Estruturação,NEUTRO
"(1, 1, 1, 3, 4)",3,Estruturação,NEUTRO
"(1, 1, 1, 3, 5)",3,Estruturação,NEUTRO
"(1, 1, 1, 4, 1)",3,Estruturação,CAOTICO
"(1, 1, 1, 4, 2)",3,Estruturação,CAOTICO
"(1, 1, 1, 4, 3)",3,Estruturação,CAOTICO
"(1, 1, 1, 4, 4)",3,Estruturação,CAOTICO
"(1, 1, 1, 4, 5)",3,Estruturação,CAOTICO
"(1, 1, 1, 5, 1)",3,Estruturação,CAOTICO
"(1, 1, 1, 5, 2)",3,Estruturação,CAOTICO
"(1, 1, 1, 5, 3)",3,Estruturação,CAOTICO
"(1, 1, 1, 5, 4)",3,Estruturação,CAOTICO
"(1, 1, 1, 5, 5)",3,Estruturação,CAOTICO
"(1, 1, 2, 1, 1)",3,Estruturação,NEUTRO
"(1, 1, 2, 1, 2)",3,Estruturação,NEUTRO
"(1, 1, 2, 1, 3)",3,Estruturação,NEUTRO
"(1, 1, 2, 1, 4)",3,Estruturação,NEUTRO
"(1, 1, 2, 1, 5)",3,Estruturação,NEUTRO
"(1, 1, 2, 2, 1)",3,Estruturação,NEUTRO
"(1, 1, 2, 2, 2)",3,Estruturação,NEUTRO
"(1, 1, 2, 2, 3)",3,Estruturação,NEUTRO
"(1, 1, 2, 2, 4)",3,Estruturação,NEUTRO
"(1, 1, 2, 2, 5)",3,Estruturação,NEUTRO
"(1, 1, 2, 3, 1)",3,Estruturação,NEUTRO
"(1, 1, 2, 3, 2)",3,Estruturação,NEUTRO
"(1, 1, 2, 3, 3)",3,Estruturação,NEUTRO
"(1, 1, 2, 3, 4)",3,Estruturação,NEUTRO
"(1, 1, 2, 3, 5)",3,Estruturação,NEUTRO
"(1, 1, 2, 4, 1)",3,Estruturação,CAOTICO
"(1, 1, 2, 4, 2)",3,Estruturação,CAOTICO
"(1, 1, 2, 4, 3)",2,Reconhecimento,CAOTICO
"(1, 1, 2, 4, 4)",3,Estruturação,CAOTICO
"(1, 1, 2, 4, 5)",3,Estruturação,CAOTICO
"(1, 1, 2, 5, 1)",3,Estruturação,CAOTICO
"(1, 1, 2, 5, 2)",3,Estruturação,CAOTICO
"(1, 1, 2, 5, 3)",3,Estruturação,CAOTICO
"(1, 1, 2, 5, 4)",3,Estruturação,CAOTICO
"(1, 1, 2, 5, 5)",3,Estruturação,CAOTICO
"(1, 1, 3, 1, 1)",3,Estruturação,NEUTRO
"(1, 1, 3, 1, 2)",3,Estruturação,NEUTRO
"(1, 1, 3, 1, 3)",3,Estruturação,NEUTRO
"(1, 1, 3, 1, 4)",3,Estruturação,NEUTRO
"(1, 1, 3, 1, 5)",3,Estruturação,NEUTRO
"(1, 1, 3, 2, 1)",3,Estruturação,NEUTRO
"(1, 1, 3, 2, 2)",3,Estruturação,NEUTRO
"(1, 1, 3, 2, 3)",3,Estruturação,NEUTRO
"(1, 1, 3, 2, 4)",3,Estruturação,NEUTRO
"(1, 1, 3, 2, 5)",3,Estruturação,NEUTRO
"(1, 1, 3, 3, 1)",3,Estruturação,NEUTRO
"(1, 1, 3, 3, 2)",3,Estruturação,NEUTRO
"(1, 1, 3, 3, 3)",3,Estruturação,NEUTRO
"(1, 1, 3, 3, 4)",3,Estruturação,NEUTRO
"(1, 1, 3, 3, 5)",3,Estruturação,NEUTRO
"(1, 1, 3, 4, 1)",3,Estruturação,NEUTRO
"(1, 1, 3, 4, 2)",3,Estruturação,NEUTRO
"(1, 1, 3, 4, 3)",3,Estruturação,NEUTRO
"(1, 1, 3, 4, 4)",3,Estruturação,NEUTRO
"(1, 1, 3, 4, 5)",3,Estruturação,NEUTRO
"(1, 1, 3, 5, 1)",3,Estruturação,NEUTRO
"(1, 1, 3, 5, 2)",3,Estruturação,NEUTRO
"(1, 1, 3, 5, 3)",3,Estruturação,NEUTRO
"(1, 1, 3, 5, 4)",3,Estruturação,NEUTRO
"(1, 1, 3, 5, 5)",3,Estruturação,NEUTRO
"(1, 1, 4, 1, 1)",3,Estruturação,NEUTRO
"(1, 1, 4, 1, 2)",3,Estruturação,NEUTRO
"(1, 1, 4, 1, 3)",3,Estruturação,NEUTRO
"(1, 1, 4, 1, 4)",3,Estruturação,NEUTRO
"(1, 1, 4, 1, 5)",3,Estruturação,NEUTRO
"(1, 1, 4, 2, 1)",3,Estruturação,NEUTRO
"(1, 1, 4, 2, 2)",3,Estruturação,NEUTRO
"(1, 1, 4, 2, 3)",3,Estruturação,NEUTRO
"(1, 1, 4, 2, 4)",3,Estruturação,NEUTRO
"(1, 1, 4, 2, 5)",3,Estruturação,NEUTRO
"(1, 1, 4, 3, 1)",3,Estruturação,NEUTRO
"(1, 1, 4, 3, 2)",3,Estruturação,NEUTRO
"(1, 1, 4, 3, 3)",3,Estruturação,NEUTRO
"(1, 1, 4, 3, 4)",3,Estruturação,NEUTRO
"(1, 1, 4, 3, 5)",3,Estruturação,NEUTRO
"(1, 1, 4, 4, 1)",3,Estruturação,NEUTRO
"(1, 1, 4, 4, 2)",3,Estruturação,NEUTRO
"(1, 1, 4, 4, 3)",3,Estruturação,NEUTRO
"(1, 1, 4, 4, 4)",3,Estruturação,ESTAVEL
"(1, 1, 4, 4, 5)",3,Estruturação,ESTAVEL
"(1, 1, 4, 5, 1)",3,Estruturação,NEUTRO
"(1, 1, 4, 5, 2)",3,Estruturação,NEUTRO
"(1, 1, 4, 5, 3)",3,Estruturação,NEUTRO
"(1, 1, 4, 5, 4)",3,Estruturação,ESTAVEL
"(1, 1, 4, 5, 5)",3,Estruturação,ESTAVEL
"(1, 1, 5, 1, 1)",3,Estruturação,NEUTRO
"(1, 1, 5, 1, 2)",3,Estruturação,NEUTRO
"(1, 1, 5, 1, 3)",3,Estruturação,NEUTRO
"(1, 1, 5, 1, 4)",3,Estruturação,NEUTRO
"(1, 1, 5, 1, 5)",3,Estruturação,INOVADOR
"(1, 1, 5, 2, 1)",3,Estruturação,NEUTRO
"(1, 1, 5, 2, 2)",3,Estruturação,NEUTRO
"(1, 1, 5, 2, 3)",3,Estruturação,NEUTRO
"(1, 1, 5, 2, 4)",3,Estruturação,NEUTRO
"(1, 1, 5, 2, 5)",3,Estruturação,INOVADOR
"(1, 1, 5, 3, 1)",3,Estruturação,NEUTRO
"(1, 1, 5, 3, 2)",3,Estruturação,NEUTRO
"(1, 1, 5, 3, 3)",3,Estruturação,NEUTRO
"(1, 1, 5, 3, 4)",3,Estruturação,NEUTRO
"(1, 1, 5, 3, 5)",3,Estruturação,INOVADOR
"(1, 1, 5, 4, 1)",3,Estruturação,NEUTRO
"(1, 1, 5, 4, 2)",3,Estruturação,NEUTRO
"(1, 1, 5, 4, 3)",3,Estruturação,NEUTRO
"(1, 1, 5, 4, 4)",3,Estruturação,ESTAVEL
"(1, 1, 5, 4, 5)",3,Estruturação,INOVADOR
"(1, 1, 5, 5, 1)",3,Estruturação,NEUTRO
"(1, 1, 5, 5, 2)",3,Estruturação,NEUTRO
"(1, 1, 5, 5, 3)",3,Estruturação,NEUTRO
"(1, 1, 5, 5, 4)",3,Estruturação,ESTAVEL
"(1, 1, 5, 5, 5)",3,Estruturação,IDEAL
"(1, 2, 1, 1, 1)",3,Estruturação,NEUTRO
"(1, 2, 1, 1, 2)",3,Estruturação,NEUTRO
"(1, 2, 1, 1, 3)",3,Estruturação,NEUTRO
"(1, 2, 1, 1, 4)",3,Estruturação,NEUTRO
"(1, 2, 1, 1, 5)",3,Estruturação,NEUTRO
"(1, 2, 1, 2, 1)",3,Estruturação,NEUTRO
"(1, 2, 1, 2, 2)",3,Estruturação,NEUTRO
"(1, 2, 1, 2, 3)",3,Estruturação,NEUTRO
"(1, 2, 1, 2, 4)",3,Estruturação,NEUTRO
"(1, 2, 1, 2, 5)",3,Estruturação,NEUTRO
"(1, 2, 1, 3, 1)",3,Estruturação,NEUTRO
"(1, 2, 1, 3, 2)",3,Estruturação,NEUTRO
"(1, 2, 1, 3, 3)",3,Estruturação,NEUTRO
"(1, 2, 1, 3, 4)",3,Estruturação,NEUTRO
"(1, 2, 1, 3, 5)",3,Estruturação,NEUTRO
"(1, 2, 1, 4, 1)",3,Estruturação,CAOTICO
"(1, 2, 1, 4, 2)",3,Estruturação,CAOTICO
"(1, 2, 1, 4, 3)",2,Reconhecimento,CAOTICO
"(1, 2, 1, 4, 4)",3,Estruturação,CAOTICO
"(1, 2, 1, 4, 5)",3,Estruturação,CAOTICO
"(1, 2, 1, 5, 1)",3,Estruturação,CAOTICO
"(1, 2, 1, 5, 2)",3,Estruturação,CAOTICO
"(1, 2, 1, 5, 3)",3,Estruturação,CAOTICO
"(1, 2, 1, 5, 4)",3,Estruturação,CAOTICO
"(1, 2, 1, 5, 5)",3,Estruturação,CAOTICO
"(1, 2, 2, 1, 1)",3,Estruturação,NEUTRO
"(1, 2, 2, 1, 2)",3,Estruturação,NEUTRO
"(1, 2, 2, 1, 3)",3,Estruturação,NEUTRO
"(1, 2, 2, 1, 4)",3,Estruturação,NEUTRO
"(1, 2, 2, 1, 5)",3,Estruturação,NEUTRO
"(1, 2, 2, 2, 1)",3,Estruturação,NEUTRO
"(1, 2, 2, 2, 2)",3,Estruturação,NEUTRO
"(1, 2, 2, 2, 3)",3,Estruturação,NEUTRO
"(1, 2, 2, 2, 4)",3,Estruturação,NEUTRO
"(1, 2, 2, 2, 5)",3,Estruturação,NEUTRO
"(1, 2, 2, 3, 1)",3,Estruturação,NEUTRO
"(1, 2, 2, 3, 2)",3,Estruturação,NEUTRO
"(1, 2, 2, 3, 3)",2,Reconhecimento,NEUTRO
"(1, 2, 2, 3, 4)",3,Estruturação,NEUTRO
"(1, 2, 2, 3, 5)",3,Estruturação,NEUTRO
"(1, 2, 2, 4, 1)",3,Estruturação,CAOTICO
"(1, 2, 2, 4, 2)",2,Reconhecimento,CAOTICO
"(1, 2, 2, 4, 3)",2,Reconhecimento,CAOTICO
"(1, 2, 2, 4, 4)",3,Estruturação,CAOTICO
"(1, 2, 2, 4, 5)",3,Estruturação,CAOTICO
"(1, 2, 2, 5, 1)",3,Estruturação,CAOTICO
"(1, 2, 2, 5, 2)",3,Estruturação,CAOTICO
"(1, 2, 2, 5, 3)",3,Estruturação,CAOTICO
"(1, 2, 2, 5, 4)",3,Estruturação,CAOTICO
"(1, 2, 2, 5, 5)",3,Estruturação,CAOTICO
"(1, 2, 3, 1, 1)",3,Estruturação,NEUTRO
"(1, 2, 3, 1, 2)",3,Estruturação,NEUTRO
"(1, 2, 3, 1, 3)",3,Estruturação,NEUTRO
"(1, 2, 3, 1, 4)",3,Estruturação,NEUTRO
"(1, 2, 3, 1, 5)",3,Estruturação,NEUTRO
"(1, 2, 3, 2, 1)",3,Estruturação,NEUTRO
"(1, 2, 3, 2, 2)",3,Estruturação,NEUTRO
"(1, 2, 3, 2, 3)",3,Estruturação,NEUTRO
"(1, 2, 3, 2, 4)",3,Estruturação,NEUTRO
"(1, 2, 3, 2, 5)",3,Estruturação,NEUTRO
"(1, 2, 3, 3, 1)",3,Estruturação,NEUTRO
"(1, 2, 3, 3, 2)",3,Estruturação,NEUTRO
"(1, 2, 3, 3, 3)",3,Estruturação,NEUTRO
"(1, 2, 3, 3, 4)",3,Estruturação,NEUTRO
"(1, 2, 3, 3, 5)",3,Estruturação,NEUTRO
"(1, 2, 3, 4, 1)",3,Estruturação,NEUTRO
"(1, 2, 3, 4, 2)",3,Estruturação,NEUTRO
"(1, 2, 3, 4, 3)",3,Estruturação,NEUTRO
"(1, 2, 3, 4, 4)",3,Estruturação,NEUTRO
"(1, 2, 3, 4, 5)",3,Estruturação,NEUTRO
"(1, 2, 3, 5, 1)",3,Estruturação,NEUTRO
"(1, 2, 3, 5, 2)",3,Estruturação,NEUTRO
"(1, 2, 3, 5, 3)",3,Estruturação,NEUTRO
"(1, 2, 3, 5, 4)",3,Estruturação,NEUTRO
"(1, 2, 3, 5, 5)",3,Estruturação,NEUTRO
"(1, 2, 4, 1, 1)",3,Estruturação,NEUTRO
"(1, 2, 4, 1, 2)",3,Estruturação,NEUTRO
"(1, 2, 4, 1, 3)",3,Estruturação,NEUTRO
"(1, 2, 4, 1, 4)",3,Estruturação,NEUTRO
"(1, 2, 4, 1, 5)",3,Estruturação,NEUTRO
"(1, 2, 4, 2, 1)",3,Estruturação,NEUTRO
"(1, 2, 4, 2, 2)",3,Estruturação,NEUTRO
"(1, 2, 4, 2, 3)",3,Estruturação,NEUTRO
"(1, 2, 4, 2, 4)",3,Estruturação,NEUTRO
"(1, 2, 4, 2, 5)",3,Estruturação,NEUTRO
"(1, 2, 4, 3, 1)",3,Estruturação,NEUTRO
"(1, 2, 4, 3, 2)",3,Estruturação,NEUTRO
"(1, 2, 4, 3, 3)",3,Estruturação,NEUTRO
"(1, 2, 4, 3, 4)",3,Estruturação,NEUTRO
"(1, 2, 4, 3, 5)",3,Estruturação,NEUTRO
"(1, 2, 4, 4, 1)",3,Estruturação,NEUTRO
"(1, 2, 4, 4, 2)",3,Estruturação,NEUTRO
"(1, 2, 4, 4, 3)",3,Estruturação,NEUTRO
"(1, 2, 4, 4, 4)",3,Estruturação,ESTAVEL
"(1, 2, 4, 4, 5)",3,Estruturação,ESTAVEL
"(1, 2, 4, 5, 1)",3,Estruturação,NEUTRO
"(1, 2, 4, 5, 2)",3,Estruturação,NEUTRO
"(1, 2, 4, 5, 3)",3,Estruturação,NEUTRO
"(1, 2, 4, 5, 4)",3,Estruturação,ESTAVEL
"(1, 2, 4, 5, 5)",3,Estruturação,ESTAVEL
"(1, 2, 5, 1, 1)",3,Estruturação,NEUTRO
"(1, 2, 5, 1, 2)",3,Estruturação,NEUTRO
"(1, 2, 5, 1, 3)",3,Estruturação,NEUTRO
"(1, 2, 5, 1, 4)",3,Estruturação,NEUTRO
"(1, 2, 5, 1, 5)",3,Estruturação,INOVADOR
"(1, 2, 5, 2, 1)",3,Estruturação,NEUTRO
"(1, 2, 5, 2, 2)",3,Estruturação,NEUTRO
"(1, 2, 5, 2, 3)",3,Estruturação,NEUTRO
"(1, 2, 5, 2, 4)",3,Estruturação,NEUTRO
"(1, 2, 5, 2, 5)",3,Estruturação,INOVADOR
"(1, 2, 5, 3, 1)",3,Estruturação,NEUTRO
"(1, 2, 5, 3, 2)",3,Estruturação,NEUTRO
"(1, 2, 5, 3, 3)",3,Estruturação,NEUTRO
"(1, 2, 5, 3, 4)",3,Estruturação,NEUTRO
"(1, 2, 5, 3, 5)",3,Estruturação,INOVADOR
"(1, 2, 5, 4, 1)",3,Estruturação,NEUTRO
"(1, 2, 5, 4, 2)",3,Estruturação,NEUTRO
"(1, 2, 5, 4, 3)",3,Estruturação,NEUTRO
"(1, 2, 5, 4, 4)",3,Estruturação,ESTAVEL
"(1, 2, 5, 4, 5)",3,Estruturação,INOVADOR
"(1, 2, 5, 5, 1)",3,Estruturação,NEUTRO
"(1, 2, 5, 5, 2)",3,Estruturação,NEUTRO
"(1, 2, 5, 5, 3)",3,Estruturação,NEUTRO
"(1, 2, 5, 5, 4)",3,Estruturação,ESTAVEL
"(1, 2, 5, 5, 5)",3,Estruturação,IDEAL
"(1, 3, 1, 1, 1)",3,Estruturação,NEUTRO
"(1, 3, 1, 1, 2)",3,Estruturação,NEUTRO
"(1, 3, 1, 1, 3)",3,Estruturação,NEUTRO
"(1, 3, 1, 1, 4)",3,Estruturação,NEUTRO
"(1, 3, 1, 1, 5)",3,Estruturação,NEUTRO
"(1, 3, 1, 2, 1)",3,Estruturação,NEUTRO
"(1, 3, 1, 2, 2)",3,Estruturação,NEUTRO
"(1, 3, 1, 2, 3)",3,Estruturação,NEUTRO
"(1, 3, 1, 2, 4)",3,Estruturação,NEUTRO
"(1, 3, 1, 2, 5)",3,Estruturação,NEUTRO
"(1, 3, 1, 3, 1)",3,Estruturação,NEUTRO
"(1, 3, 1, 3, 2)",3,Estruturação,NEUTRO
"(1, 3, 1, 3, 3)",2,Reconhecimento,NEUTRO
"(1, 3, 1, 3, 4)",3,Estruturação,NEUTRO
"(1, 3, 1, 3, 5)",3,Estruturação,NEUTRO
"(1, 3, 1, 4, 1)",3,Estruturação,CAOTICO
"(1, 3, 1, 4, 2)",2,Reconhecimento,CAOTICO
"(1, 3, 1, 4, 3)",2,Reconhecimento,CAOTICO
"(1, 3, 1, 4, 4)",3,Estruturação,CAOTICO
"(1, 3, 1, 4, 5)",3,Estruturação,CAOTICO
"(1, 3, 1, 5, 1)",3,Estruturação,CAOTICO
"(1, 3, 1, 5, 2)",3,Estruturação,CAOTICO
"(1, 3, 1, 5, 3)",3,Estruturação,CAOTICO
"(1, 3, 1, 5, 4)",3,Estruturação,CAOTICO
"(1, 3, 1, 5, 5)",3,Estruturação,CAOTICO
"(1, 3, 2, 1, 1)",3,Estruturação,NEUTRO
"(1, 3, 2, 1, 2)",3,Estruturação,NEUTRO
"(1, 3, 2, 1, 3)",3,Estruturação,NEUTRO
"(1, 3, 2, 1, 4)",3,Estruturação,NEUTRO
"(1, 3, 2, 1, 5)",3,Estruturação,NEUTRO
"(1, 3, 2, 2, 1)",3,Estruturação,NEUTRO
"(1, 3, 2, 2, 2)",3,Estruturação,NEUTRO
"(1, 3, 2, 2, 3)",2,Reconhecimento,NEUTRO
"(1, 3, 2, 2, 4)",3,Estruturação,NEUTRO
"(1, 3, 2, 2, 5)",3,Estruturação,NEUTRO
"(1, 3, 2, 3, 1)",3,Estruturação,NEUTRO
"(1, 3, 2, 3, 2)",2,Reconhecimento,NEUTRO
"(1, 3, 2, 3, 3)",2,Reconhecimento,NEUTRO
"(1, 3, 2, 3, 4)",3,Estruturação,NEUTRO
"(1, 3, 2, 3, 5)",3,Estruturação,NEUTRO
"(1, 3, 2, 4, 1)",2,Reconhecimento,CAOTICO
"(1, 3, 2, 4, 2)",2,Reconhecimento,CAOTICO
"(1, 3, 2, 4, 3)",2,Reconhecimento,CAOTICO
"(1, 3, 2, 4, 4)",2,Reconhecimento,CAOTICO
"(1, 3, 2, 4, 5)",3,Estruturação,CAOTICO
"(1, 3, 2, 5, 1)",3,Estruturação,CAOTICO
"(1, 3, 2, 5, 2)",3,Estruturação,CAOTICO
"(1, 3, 2, 5, 3)",2,Reconhecimento,CAOTICO
"(1, 3, 2, 5, 4)",3,Estruturação,CAOTICO
"(1, 3, 2, 5, 5)",3,Estruturação,CAOTICO
"(1, 3, 3, 1, 1)",3,Estruturação,NEUTRO
"(1, 3, 3, 1, 2)",3,Estruturação,NEUTRO
"(1, 3, 3, 1, 3)",3,Estruturação,NEUTRO
"(1, 3, 3, 1, 4)",3,Estruturação,NEUTRO
"(1, 3, 3, 1, 5)",3,Estruturação,NEUTRO
"(1, 3, 3, 2, 1)",3,Estruturação,NEUTRO
"(1, 3, 3, 2, 2)",3,Estruturação,NEUTRO
"(1, 3, 3, 2, 3)",3,Estruturação,NEUTRO
"(1, 3, 3, 2, 4)",3,Estruturação,NEUTRO
"(1, 3, 3, 2, 5)",3,Estruturação,NEUTRO
"(1, 3, 3, 3, 1)",3,Estruturação,NEUTRO
"(1, 3, 3, 3, 2)",3,Estruturação,NEUTRO
"(1, 3, 3, 3, 3)",2,Reconhecimento,NEUTRO
"(1, 3, 3, 3, 4)",3,Estruturação,NEUTRO
"(1, 3, 3, 3, 5)",3,Estruturação,NEUTRO
"(1, 3, 3, 4, 1)",3,Estruturação,NEUTRO
"(1, 3, 3, 4, 2)",3,Estruturação,NEUTRO
"(1, 3, 3, 4, 3)",2,Reconhecimento,NEUTRO
"(1, 3, 3, 4, 4)",3,Estruturação,NEUTRO
"(1, 3, 3, 4, 5)",3,Estruturação,NEUTRO
"(1, 3, 3, 5, 1)",3,Estruturação,NEUTRO
"(1, 3, 3, 5, 2)",3,Estruturação,NEUTRO
"(1, 3, 3, 5, 3)",3,Estruturação,NEUTRO
"(1, 3, 3, 5, 4)",3,Estruturação,NEUTRO
"(1, 3, 3, 5, 5)",3,Estruturação,NEUTRO
"(1, 3, 4, 1, 1)",3,Estruturação,NEUTRO
"(1, 3, 4, 1, 2)",3,Estruturação,NEUTRO
"(1, 3, 4, 1, 3)",3,Estruturação,NEUTRO
"(1, 3, 4, 1, 4)",3,Estruturação,NEUTRO
"(1, 3, 4, 1, 5)",3,Estruturação,NEUTRO
"(1, 3, 4, 2, 1)",3,Estruturação,NEUTRO
"(1, 3, 4, 2, 2)",3,Estruturação,NEUTRO
"(1, 3, 4, 2, 3)",3,Estruturação,NEUTRO
"(1, 3, 4, 2, 4)",3,Estruturação,NEUTRO
"(1, 3, 4, 2, 5)",3,Estruturação,NEUTRO
"(1, 3, 4, 3, 1)",3,Estruturação,NEUTRO
"(1, 3, 4, 3, 2)",3,Estruturação,NEUTRO
"(1, 3, 4, 3, 3)",3,Estruturação,NEUTRO
"(1, 3, 4, 3, 4)",3,Estruturação,NEUTRO
"(1, 3, 4, 3, 5)",3,Estruturação,NEUTRO
"(1, 3, 4, 4, 1)",3,Estruturação,NEUTRO
"(1, 3, 4, 4, 2)",3,Estruturação,NEUTRO
"(1, 3, 4, 4, 3)",3,Estruturação,NEUTRO
"(1, 3, 4, 4, 4)",3,Estruturação,ESTAVEL
"(1, 3, 4, 4, 5)",3,Estruturação,ESTAVEL
"(1, 3, 4, 5, 1)",3,Estruturação,NEUTRO
"(1, 3, 4, 5, 2)",3,Estruturação,NEUTRO
"(1, 3, 4, 5, 3)",3,Estruturação,NEUTRO
"(1, 3, 4, 5, 4)",3,Estruturação,ESTAVEL
"(1, 3, 4, 5, 5)",3,Estruturação,ESTAVEL
"(1, 3, 5, 1, 1)",3,Estruturação,NEUTRO
"(1, 3, 5, 1, 2)",3,Estruturação,NEUTRO
"(1, 3, 5, 1, 3)",3,Estruturação,NEUTRO
"(1, 3, 5, 1, 4)",3,Estruturação,NEUTRO
"(1, 3, 5, 1, 5)",3,Estruturação,INOVADOR
"(1, 3, 5, 2, 1)",3,Estruturação,NEUTRO
"(1, 3, 5, 2, 2)",3,Estruturação,NEUTRO
"(1, 3, 5, 2, 3)",3,Estruturação,NEUTRO
"(1, 3, 5, 2, 4)",3,Estruturação,NEUTRO
"(1, 3, 5, 2, 5)",3,Estruturação,INOVADOR
"(1, 3, 5, 3, 1)",3,Estruturação,NEUTRO
"(1, 3, 5, 3, 2)",3,Estruturação,NEUTRO
"(1, 3, 5, 3, 3)",3,Estruturação,NEUTRO
"(1, 3, 5, 3, 4)",3,Estruturação,NEUTRO
"(1, 3, 5, 3, 5)",3,Estruturação,INOVADOR
"(1, 3, 5, 4, 1)",3,Estruturação,NEUTRO
"(1, 3, 5, 4, 2)",3,Estruturação,NEUTRO
"(1, 3, 5, 4, 3)",3,Estruturação,NEUTRO
"(1, 3, 5, 4, 4)",3,Estruturação,ESTAVEL
"(1, 3, 5, 4, 5)",3,Estruturação,INOVADOR
"(1, 3, 5, 5, 1)",3,Estruturação,NEUTRO
"(1, 3, 5, 5, 2)",3,Estruturação,NEUTRO
"(1, 3, 5, 5, 3)",3,Estruturação,NEUTRO
"(1, 3, 5, 5, 4)",3,Estruturação,ESTAVEL
"(1, 3, 5, 5, 5)",3,Estruturação,IDEAL
"(1, 4, 1, 1, 1)",3,Estruturação,CAOTICO
"(1, 4, 1, 1, 2)",3,Estruturação,CAOTICO
"(1, 4, 1, 1, 3)",3,Estruturação,CAOTICO
"(1, 4, 1, 1, 4)",3,Estruturação,CAOTICO
"(1, 4, 1, 1, 5)",3,Estruturação,CAOTICO
"(1, 4, 1, 2, 1)",3,Estruturação,CAOTICO
"(1, 4, 1, 2, 2)",3,Estruturação,CAOTICO
"(1, 4, 1, 2, 3)",2,Reconhecimento,CAOTICO
"(1, 4, 1, 2, 4)",3,Estruturação,CAOTICO
"(1, 4, 1, 2, 5)",3,Estruturação,CAOTICO
"(1, 4, 1, 3, 1)",3,Estruturação,CAOTICO
"(1, 4, 1, 3, 2)",2,Reconhecimento,CAOTICO
"(1, 4, 1, 3, 3)",2,Reconhecimento,CAOTICO
"(1, 4, 1, 3, 4)",3,Estruturação,CAOTICO
"(1, 4, 1, 3, 5)",3,Estruturação,CAOTICO
"(1, 4, 1, 4, 1)",2,Reconhecimento,CAOTICO
"(1, 4, 1, 4, 2)",2,Reconhecimento,CAOTICO
"(1, 4, 1, 4, 3)",2,Reconhecimento,CAOTICO
"(1, 4, 1, 4, 4)",2,Reconhecimento,CAOTICO
"(1, 4, 1, 4, 5)",3,Estruturação,CAOTICO
"(1, 4, 1, 5, 1)",3,Estruturação,CAOTICO
"(1, 4, 1, 5, 2)",3,Estruturação,CAOTICO
"(1, 4, 1, 5, 3)",2,Reconhecimento,CAOTICO
"(1, 4, 1, 5, 4)",3,Estruturação,CAOTICO
"(1, 4, 1, 5, 5)",3,Estruturação,CAOTICO
"(1, 4, 2, 1, 1)",3,Estruturação,CAOTICO
"(1, 4, 2, 1, 2)",3,Estruturação,CAOTICO
"(1, 4, 2, 1, 3)",2,Reconhecimento,CAOTICO
"(1, 4, 2, 1, 4)",3,Estruturação,CAOTICO
"(1, 4, 2, 1, 5)",3,Estruturação,CAOTICO
"(1, 4, 2, 2, 1)",3,Estruturação,CAOTICO
"(1, 4, 2, 2, 2)",2,Reconhecimento,CAOTICO
"(1, 4, 2, 2, 3)",2,Reconhecimento,CAOTICO
"(1, 4, 2, 2, 4)",3,Estruturação,CAOTICO
"(1, 4, 2, 2, 5)",3,Estruturação,CAOTICO
"(1, 4, 2, 3, 1)",2,Reconhecimento,CAOTICO
"(1, 4, 2, 3, 2)",2,Reconhecimento,CAOTICO
"(1, 4, 2, 3, 3)",2,Reconhecimento,CAOTICO
"(1, 4, 2, 3, 4)",2,Reconhecimento,CAOTICO
"(1, 4, 2, 3, 5)",3,Estruturação,CAOTICO
"(1, 4, 2, 4, 1)",2,Reconhecimento,CAOTICO
"(1, 4, 2, 4, 2)",2,Reconhecimento,CAOTICO
"(1, 4, 2, 4, 3)",2,Reconhecimento,CAOTICO
"(1, 4, 2, 4, 4)",2,Reconhecimento,CAOTICO
"(1, 4, 2, 4, 5)",3,Estruturação,CAOTICO
"(1, 4, 2, 5, 1)",3,Estruturação,CAOTICO
"(1, 4, 2, 5, 2)",2,Reconhecimento,CAOTICO
"(1, 4, 2, 5, 3)",2,Reconhecimento,CAOTICO
"(1, 4, 2, 5, 4)",3,Estruturação,CAOTICO
"(1, 4, 2, 5, 5)",3,Estruturação,CAOTICO
"(1, 4, 3, 1, 1)",3,Estruturação,NEUTRO
"(1, 4, 3, 1, 2)",3,Estruturação,NEUTRO
"(1, 4, 3, 1, 3)",3,Estruturação,NEUTRO
"(1, 4, 3, 1, 4)",3,Estruturação,NEUTRO
"(1, 4, 3, 1, 5)",3,Estruturação,NEUTRO
"(1, 4, 3, 2, 1)",3,Estruturação,NEUTRO
"(1, 4, 3, 2, 2)",3,Estruturação,NEUTRO
"(1, 4, 3, 2, 3)",3,Estruturação,NEUTRO
"(1, 4, 3, 2, 4)",3,Estruturação,NEUTRO
"(1, 4, 3, 2, 5)",3,Estruturação,NEUTRO
"(1, 4, 3, 3, 1)",3,Estruturação,NEUTRO
"(1, 4, 3, 3, 2)",3,Estruturação,NEUTRO
"(1, 4, 3, 3, 3)",2,Reconhecimento,NEUTRO
"(1, 4, 3, 3, 4)",3,Estruturação,NEUTRO
"(1, 4, 3, 3, 5)",3,Estruturação,NEUTRO
"(1, 4, 3, 4, 1)",3,Estruturação,CAOTICO
"(1, 4, 3, 4, 2)",2,Reconhecimento,CAOTICO
"(1, 4, 3, 4, 3)",2,Reconhecimento,CAOTICO
"(1, 4, 3, 4, 4)",3,Estruturação,CAOTICO
"(1, 4, 3, 4, 5)",3,Estruturação,CAOTICO
"(1, 4, 3, 5, 1)",3,Estruturação,PROCESSUAL
"(1, 4, 3, 5, 2)",3,Estruturação,PROCESSUAL
"(1, 4, 3, 5, 3)",3,Estruturação,PROCESSUAL
"(1, 4, 3, 5, 4)",3,Estruturação,PROCESSUAL
"(1, 4, 3, 5, 5)",3,Estruturação,PROCESSUAL
"(1, 4, 4, 1, 1)",3,Estruturação,NEUTRO
"(1, 4, 4, 1, 2)",3,Estruturação,NEUTRO
"(1, 4, 4, 1, 3)",3,Estruturação,NEUTRO
"(1, 4, 4, 1, 4)",3,Estruturação,ESTAVEL
"(1, 4, 4, 1, 5)",3,Estruturação,ESTAVEL
"(1, 4, 4, 2, 1)",3,Estruturação,NEUTRO
"(1, 4, 4, 2, 2)",3,Estruturação,NEUTRO
"(1, 4, 4, 2, 3)",3,Estruturação,NEUTRO
"(1, 4, 4, 2, 4)",3,Estruturação,ESTAVEL
"(1, 4, 4, 2, 5)",3,Estruturação,ESTAVEL
"(1, 4, 4, 3, 1)",3,Estruturação,NEUTRO
"(1, 4, 4, 3, 2)",3,Estruturação,NEUTRO
"(1, 4, 4, 3, 3)",3,Estruturação,NEUTRO
"(1, 4, 4, 3, 4)",3,Estruturação,ESTAVEL
"(1, 4, 4, 3, 5)",3,Estruturação,ESTAVEL
"(1, 4, 4, 4, 1)",3,Estruturação,CAOTICO
"(1, 4, 4, 4, 2)",3,Estruturação,CAOTICO
"(1, 4, 4, 4, 3)",3,Estruturação,CAOTICO
"(1, 4, 4, 4, 4)",3,Estruturação,ESTAVEL
"(1, 4, 4, 4, 5)",3,Estruturação,ESTAVEL
"(1, 4, 4, 5, 1)",3,Estruturação,PROCESSUAL
"(1, 4, 4, 5, 2)",3,Estruturação,PROCESSUAL
"(1, 4, 4, 5, 3)",3,Estruturação,PROCESSUAL
"(1, 4, 4, 5, 4)",3,Estruturação,ESTAVEL
"(1, 4, 4, 5, 5)",3,Estruturação,ESTAVEL
"(1, 4, 5, 1, 1)",3,Estruturação,NEUTRO
"(1, 4, 5, 1, 2)",3,Estruturação,NEUTRO
"(1, 4, 5, 1, 3)",3,Estruturação,NEUTRO
"(1, 4, 5, 1, 4)",3,Estruturação,ESTAVEL
"(1, 4, 5, 1, 5)",3,Estruturação,INOVADOR
"(1, 4, 5, 2, 1)",3,Estruturação,NEUTRO
"(1, 4, 5, 2, 2)",3,Estruturação,NEUTRO
"(1, 4, 5, 2, 3)",3,Estruturação,NEUTRO
"(1, 4, 5, 2, 4)",3,Estruturação,ESTAVEL
"(1, 4, 5, 2, 5)",3,Estruturação,INOVADOR
"(1, 4, 5, 3, 1)",3,Estruturação,NEUTRO
"(1, 4, 5, 3, 2)",3,Estruturação,NEUTRO
"(1, 4, 5, 3, 3)",3,Estruturação,NEUTRO
"(1, 4, 5, 3, 4)",3,Estruturação,ESTAVEL
"(1, 4, 5, 3, 5)",3,Estruturação,INOVADOR
"(1, 4, 5, 4, 1)",3,Estruturação,CAOTICO
"(1, 4, 5, 4, 2)",3,Estruturação,CAOTICO
"(1, 4, 5, 4, 3)",3,Estruturação,CAOTICO
"(1, 4, 5, 4, 4)",3,Estruturação,ESTAVEL
"(1, 4, 5, 4, 5)",3,Estruturação,ESTAVEL
"(1, 4, 5, 5, 1)",3,Estruturação,PROCESSUAL
"(1, 4, 5, 5, 2)",3,Estruturação,PROCESSUAL
"(1, 4, 5, 5, 3)",3,Estruturação,PROCESSUAL
"(1, 4, 5, 5, 4)",3,Estruturação,ESTAVEL
"(1, 4, 5, 5, 5)",3,Estruturação,IDEAL
"(1, 5, 1, 1, 1)",3,Estruturação,CAOTICO
"(1, 5, 1, 1, 2)",3,Estruturação,CAOTICO
"(1, 5, 1, 1, 3)",2,Reconhecimento,CAOTICO
"(1, 5, 1, 1, 4)",3,Estruturação,CAOTICO
"(1, 5, 1, 1, 5)",3,Estruturação,CAOTICO
"(1, 5, 1, 2, 1)",3,Estruturação,CAOTICO
"(1, 5, 1, 2, 2)",2,Reconhecimento,CAOTICO
"(1, 5, 1, 2, 3)",2,Reconhecimento,CAOTICO
"(1, 5, 1, 2, 4)",3,Estruturação,CAOTICO
"(1, 5, 1, 2, 5)",3,Estruturação,CAOTICO
"(1, 5, 1, 3, 1)",2,Reconhecimento,CAOTICO
"(1, 5, 1, 3, 2)",2,Reconhecimento,CAOTICO
"(1, 5, 1, 3, 3)",2,Reconhecimento,CAOTICO
"(1, 5, 1, 3, 4)",2,Reconhecimento,CAOTICO
"(1, 5, 1, 3, 5)",3,Estruturação,CAOTICO
"(1, 5, 1, 4, 1)",2,Reconhecimento,CAOTICO
"(1, 5, 1, 4, 2)",2,Reconhecimento,CAOTICO
"(1, 5, 1, 4, 3)",2,Reconhecimento,CAOTICO
"(1, 5, 1, 4, 4)",2,Reconhecimento,CAOTICO
"(1, 5, 1, 4, 5)",3,Estruturação,CAOTICO
"(1, 5, 1, 5, 1)",3,Estruturação,CAOTICO
"(1, 5, 1, 5, 2)",2,Reconhecimento,CAOTICO
"(1, 5, 1, 5, 3)",2,Reconhecimento,CAOTICO
"(1, 5, 1, 5, 4)",3,Estruturação,CAOTICO
"(1, 5, 1, 5, 5)",3,Estruturação,CAOTICO
"(1, 5, 2, 1, 1)",3,Estruturação,CAOTICO
"(1, 5, 2, 1, 2)",2,Reconhecimento,CAOTICO
"(1, 5, 2, 1, 3)",2,Reconhecimento,CAOTICO
"(1, 5, 2, 1, 4)",3,Estruturação,CAOTICO
"(1, 5, 2, 1, 5)",3,Estruturação,CAOTICO
"(1, 5, 2, 2, 1)",2,Reconhecimento,CAOTICO
"(1, 5, 2, 2, 2)",2,Reconhecimento,CAOTICO
"(1, 5, 2, 2, 3)",2,Reconhecimento,CAOTICO
"(1, 5, 2, 2, 4)",2,Reconhecimento,CAOTICO
"(1, 5, 2, 2, 5)",3,Estruturação,CAOTICO
"(1, 5, 2, 3, 1)",2,Reconhecimento,CAOTICO
"(1, 5, 2, 3, 2)",2,Reconhecimento,CAOTICO
"(1, 5, 2, 3, 3)",2,Reconhecimento,CAOTICO
"(1, 5, 2, 3, 4)",2,Reconhecimento,CAOTICO
"(1, 5, 2, 3, 5)",3,Estruturação,CAOTICO
"(1, 5, 2, 4, 1)",2,Reconhecimento,CAOTICO
"(1, 5, 2, 4, 2)",2,Reconhecimento,CAOTICO
"(1, 5, 2, 4, 3)",2,Reconhecimento,CAOTICO
"(1, 5, 2, 4, 4)",2,Reconhecimento,CAOTICO
"(1, 5, 2, 4, 5)",2,Reconhecimento,CAOTICO
"(1, 5, 2, 5, 1)",2,Reconhecimento,CAOTICO
"(1, 5, 2, 5, 2)",2,Reconhecimento,CAOTICO
"(1, 5, 2, 5, 3)",2,Reconhecimento,CAOTICO
"(1, 5, 2, 5, 4)",2,Reconhecimento,CAOTICO
"(1, 5, 2, 5, 5)",3,Estruturação,CAOTICO
"(1, 5, 3, 1, 1)",3,Estruturação,CAOTICO
"(1, 5, 3, 1, 2)",3,Estruturação,CAOTICO
"(1, 5, 3, 1, 3)",3,Estruturação,CAOTICO
"(1, 5, 3, 1, 4)",3,Estruturação,CAOTICO
"(1, 5, 3, 1, 5)",3,Estruturação,CAOTICO
"(1, 5, 3, 2, 1)",3,Estruturação,CAOTICO
"(1, 5, 3, 2, 2)",3,Estruturação,CAOTICO
"(1, 5, 3, 2, 3)",2,Reconhecimento,CAOTICO
"(1, 5, 3, 2, 4)",3,Estruturação,CAOTICO
"(1, 5, 3, 2, 5)",3,Estruturação,CAOTICO
"(1, 5, 3, 3, 1)",3,Estruturação,CAOTICO
"(1, 5, 3, 3, 2)",2,Reconhecimento,CAOTICO
"(1, 5, 3, 3, 3)",2,Reconhecimento,CAOTICO
"(1, 5, 3, 3, 4)",3,Estruturação,CAOTICO
"(1, 5, 3, 3, 5)",3,Estruturação,CAOTICO
"(1, 5, 3, 4, 1)",2,Reconhecimento,CAOTICO
"(1, 5, 3, 4, 2)",2,Reconhecimento,CAOTICO
"(1, 5, 3, 4, 3)",2,Reconhecimento,CAOTICO
"(1, 5, 3, 4, 4)",2,Reconhecimento,CAOTICO
"(1, 5, 3, 4, 5)",3,Estruturação,CAOTICO
"(1, 5, 3, 5, 1)",3,Estruturação,PROCESSUAL
"(1, 5, 3, 5, 2)",3,Estruturação,PROCESSUAL
"(1, 5, 3, 5, 3)",3,Estruturação,PROCESSUAL
"(1, 5, 3, 5, 4)",3,Estruturação,PROCESSUAL
"(1, 5, 3, 5, 5)",3,Estruturação,PROCESSUAL
"(1, 5, 4, 1, 1)",3,Estruturação,CAOTICO
"(1, 5, 4, 1, 2)",3,Estruturação,CAOTICO
"(1, 5, 4, 1, 3)",3,Estruturação,CAOTICO
"(1, 5, 4, 1, 4)",3,Estruturação,CAOTICO
"(1, 5, 4, 1, 5)",3,Estruturação,CAOTICO
"(1, 5, 4, 2, 1)",3,Estruturação,CAOTICO
"(1, 5, 4, 2, 2)",3,Estruturação,CAOTICO
"(1, 5, 4, 2, 3)",3,Estruturação,CAOTICO
"(1, 5, 4, 2, 4)",3,Estruturação,CAOTICO
"(1, 5, 4, 2, 5)",3,Estruturação,CAOTICO
"(1, 5, 4, 3, 1)",3,Estruturação,CAOTICO
"(1, 5, 4, 3, 2)",3,Estruturação,CAOTICO
"(1, 5, 4, 3, 3)",3,Estruturação,CAOTICO
"(1, 5, 4, 3, 4)",3,Estruturação,CAOTICO
"(1, 5, 4, 3, 5)",3,Estruturação,CAOTICO
"(1, 5, 4, 4, 1)",3,Estruturação,CAOTICO
"(1, 5, 4, 4, 2)",3,Estruturação,CAOTICO
"(1, 5, 4, 4, 3)",2,Reconhecimento,CAOTICO
"(1, 5, 4, 4, 4)",3,Estruturação,CAOTICO
"(1, 5, 4, 4, 5)",3,Estruturação,CAOTICO
"(1, 5, 4, 5, 1)",3,Estruturação,PROCESSUAL
"(1, 5, 4, 5, 2)",3,Estruturação,PROCESSUAL
"(1, 5, 4, 5, 3)",3,Estruturação,PROCESSUAL
"(1, 5, 4, 5, 4)",3,Estruturação,PROCESSUAL
"(1, 5, 4, 5, 5)",3,Estruturação,IDEAL
"(1, 5, 5, 1, 1)",3,Estruturação,CAOTICO
"(1, 5, 5, 1, 2)",3,Estruturação,CAOTICO
"(1, 5, 5, 1, 3)",3,Estruturação,CAOTICO
"(1, 5, 5, 1, 4)",3,Estruturação,CAOTICO
"(1, 5, 5, 1, 5)",3,Estruturação,IDEAL
"(1, 5, 5, 2, 1)",3,Estruturação,CAOTICO
"(1, 5, 5, 2, 2)",3,Estruturação,CAOTICO
"(1, 5, 5, 2, 3)",3,Estruturação,CAOTICO
"(1, 5, 5, 2, 4)",3,Estruturação,CAOTICO
"(1, 5, 5, 2, 5)",3,Estruturação,IDEAL
"(1, 5, 5, 3, 1)",3,Estruturação,CAOTICO
"(1, 5, 5, 3, 2)",3,Estruturação,CAOTICO
"(1, 5, 5, 3, 3)",3,Estruturação,CAOTICO
"(1, 5, 5, 3, 4)",3,Estruturação,CAOTICO
"(1, 5, 5, 3, 5)",3,Estruturação,IDEAL
"(1, 5, 5, 4, 1)",3,Estruturação,CAOTICO
"(1, 5, 5, 4, 2)",3,Estruturação,CAOTICO
"(1, 5, 5, 4, 3)",3,Estruturação,CAOTICO
"(1, 5, 5, 4, 4)",3,Estruturação,CAOTICO
"(1, 5, 5, 4, 5)",3,Estruturação,IDEAL
"(1, 5, 5, 5, 1)",3,Estruturação,PROCESSUAL
"(1, 5, 5, 5, 2)",3,Estruturação,PROCESSUAL
"(1, 5, 5, 5, 3)",3,Estruturação,PROCESSUAL
"(1, 5, 5, 5, 4)",3,Estruturação,IDEAL
"(1, 5, 5, 5, 5)",3,Estruturação,IDEAL
"(2, 1, 1, 1, 1)",3,Estruturação,NEUTRO
"(2, 1, 1, 1, 2)",3,Estruturação,NEUTRO
"(2, 1, 1, 1, 3)",3,Estruturação,NEUTRO
"(2, 1, 1, 1, 4)",3,Estruturação,NEUTRO
"(2, 1, 1, 1, 5)",3,Estruturação,NEUTRO
"(2, 1, 1, 2, 1)",3,Estruturação,NEUTRO
"(2, 1, 1, 2, 2)",3,Estruturação,NEUTRO
"(2, 1, 1, 2, 3)",3,Estruturação,NEUTRO
"(2, 1, 1, 2, 4)",3,Estruturação,NEUTRO
"(2, 1, 1, 2, 5)",3,Estruturação,NEUTRO
"(2, 1, 1, 3, 1)",3,Estruturação,NEUTRO
"(2, 1, 1, 3, 2)",3,Estruturação,NEUTRO
"(2, 1, 1, 3, 3)",3,Estruturação,NEUTRO
"(2, 1, 1, 3, 4)",3,Estruturação,NEUTRO
"(2, 1, 1, 3, 5)",3,Estruturação,NEUTRO
"(2, 1, 1, 4, 1)",3,Estruturação,NEUTRO
"(2, 1, 1, 4, 2)",3,Estruturação,NEUTRO
"(2, 1, 1, 4, 3)",3,Estruturação,NEUTRO
"(2, 1, 1, 4, 4)",3,Estruturação,NEUTRO
"(2, 1, 1, 4, 5)",3,Estruturação,NEUTRO
"(2, 1, 1, 5, 1)",3,Estruturação,NEUTRO
"(2, 1, 1, 5, 2)",3,Estruturação,NEUTRO
"(2, 1, 1, 5, 3)",3,Estruturação,NEUTRO
"(2, 1, 1, 5, 4)",3,Estruturação,NEUTRO
"(2, 1, 1, 5, 5)",3,Estruturação,NEUTRO
"(2, 1, 2, 1, 1)",3,Estruturação,NEUTRO
"(2, 1, 2, 1, 2)",3,Estruturação,NEUTRO
"(2, 1, 2, 1, 3)",3,Estruturação,NEUTRO
"(2, 1, 2, 1, 4)",3,Estruturação,NEUTRO
"(2, 1, 2, 1, 5)",3,Estruturação,NEUTRO
"(2, 1, 2, 2, 1)",3,Estruturação,NEUTRO
"(2, 1, 2, 2, 2)",3,Estruturação,NEUTRO
"(2, 1, 2, 2, 3)",3,Estruturação,NEUTRO
"(2, 1, 2, 2, 4)",3,Estruturação,NEUTRO
"(2, 1, 2, 2, 5)",3,Estruturação,NEUTRO
"(2, 1, 2, 3, 1)",3,Estruturação,NEUTRO
"(2, 1, 2, 3, 2)",3,Estruturação,NEUTRO
"(2, 1, 2, 3, 3)",3,Estruturação,NEUTRO
"(2, 1, 2, 3, 4)",3,Estruturação,NEUTRO
"(2, 1, 2, 3, 5)",3,Estruturação,NEUTRO
"(2, 1, 2, 4, 1)",3,Estruturação,NEUTRO
"(2, 1, 2, 4, 2)",3,Estruturação,NEUTRO
"(2, 1, 2, 4, 3)",3,Estruturação,NEUTRO
"(2, 1, 2, 4, 4)",3,Estruturação,NEUTRO
"(2, 1, 2, 4, 5)",3,Estruturação,NEUTRO
"(2, 1, 2, 5, 1)",3,Estruturação,NEUTRO
"(2, 1, 2, 5, 2)",3,Estruturação,NEUTRO
"(2, 1, 2, 5, 3)",3,Estruturação,NEUTRO
"(2, 1, 2, 5, 4)",3,Estruturação,NEUTRO
"(2, 1, 2, 5, 5)",3,Estruturação,NEUTRO
"(2, 1, 3, 1, 1)",3,Estruturação,NEUTRO
"(2, 1, 3, 1, 2)",3,Estruturação,NEUTRO
"(2, 1, 3, 1, 3)",3,Estruturação,NEUTRO
"(2, 1, 3, 1, 4)",3,Estruturação,NEUTRO
"(2, 1, 3, 1, 5)",3,Estruturação,NEUTRO
"(2, 1, 3, 2, 1)",3,Estruturação,NEUTRO
"(2, 1, 3, 2, 2)",3,Estruturação,NEUTRO
"(2, 1, 3, 2, 3)",3,Estruturação,NEUTRO
"(2, 1, 3, 2, 4)",3,Estruturação,NEUTRO
"(2, 1, 3, 2, 5)",3,Estruturação,NEUTRO
"(2, 1, 3, 3, 1)",3,Estruturação,NEUTRO
"(2, 1, 3, 3, 2)",3,Estruturação,NEUTRO
"(2, 1, 3, 3, 3)",3,Estruturação,NEUTRO
"(2, 1, 3, 3, 4)",3,Estruturação,NEUTRO
"(2, 1, 3, 3, 5)",3,Estruturação,NEUTRO
"(2, 1, 3, 4, 1)",3,Estruturação,NEUTRO
"(2, 1, 3, 4, 2)",3,Estruturação,NEUTRO
"(2, 1, 3, 4, 3)",3,Estruturação,NEUTRO
"(2, 1, 3, 4, 4)",3,Estruturação,NEUTRO
"(2, 1, 3, 4, 5)",3,Estruturação,NEUTRO
"(2, 1, 3, 5, 1)",3,Estruturação,NEUTRO
"(2, 1, 3, 5, 2)",3,Estruturação,NEUTRO
"(2, 1, 3, 5, 3)",3,Estruturação,NEUTRO
"(2, 1, 3, 5, 4)",3,Estruturação,NEUTRO
"(2, 1, 3, 5, 5)",3,Estruturação,NEUTRO
"(2, 1, 4, 1, 1)",3,Estruturação,NEUTRO
"(2, 1, 4, 1, 2)",3,Estruturação,NEUTRO
"(2, 1, 4, 1, 3)",3,Estruturação,NEUTRO
"(2, 1, 4, 1, 4)",3,Estruturação,NEUTRO
"(2, 1, 4, 1, 5)",3,Estruturação,NEUTRO
"(2, 1, 4, 2, 1)",3,Estruturação,NEUTRO
"(2, 1, 4, 2, 2)",3,Estruturação,NEUTRO
"(2, 1, 4, 2, 3)",3,Estruturação,NEUTRO
"(2, 1, 4, 2, 4)",3,Estruturação,NEUTRO
"(2, 1, 4, 2, 5)",3,Estruturação,NEUTRO
"(2, 1, 4, 3, 1)",3,Estruturação,NEUTRO
"(2, 1, 4, 3, 2)",3,Estruturação,NEUTRO
"(2, 1, 4, 3, 3)",3,Estruturação,NEUTRO
"(2, 1, 4, 3, 4)",3,Estruturação,NEUTRO
"(2, 1, 4, 3, 5)",3,Estruturação,NEUTRO
"(2, 1, 4, 4, 1)",3,Estruturação,NEUTRO
"(2, 1, 4, 4, 2)",3,Estruturação,NEUTRO
"(2, 1, 4, 4, 3)",3,Estruturação,NEUTRO
"(2, 1, 4, 4, 4)",3,Estruturação,ESTAVEL
"(2, 1, 4, 4, 5)",3,Estruturação,ESTAVEL
"(2, 1, 4, 5, 1)",3,Estruturação,NEUTRO
"(2, 1, 4, 5, 2)",3,Estruturação,NEUTRO
"(2, 1, 4, 5, 3)",3,Estruturação,NEUTRO
"(2, 1, 4, 5, 4)",3,Estruturação,ESTAVEL
"(2, 1, 4, 5, 5)",3,Estruturação,ESTAVEL
"(2, 1, 5, 1, 1)",3,Estruturação,NEUTRO
"(2, 1, 5, 1, 2)",3,Estruturação,NEUTRO
"(2, 1, 5, 1, 3)",3,Estruturação,NEUTRO
"(2, 1, 5, 1, 4)",3,Estruturação,NEUTRO
"(2, 1, 5, 1, 5)",3,Estruturação,INOVADOR
"(2, 1, 5, 2, 1)",3,Estruturação,NEUTRO
"(2, 1, 5, 2, 2)",3,Estruturação,NEUTRO
"(2, 1, 5, 2, 3)",3,Estruturação,NEUTRO
"(2, 1, 5, 2, 4)",3,Estruturação,NEUTRO
"(2, 1, 5, 2, 5)",3,Estruturação,INOVADOR
"(2, 1, 5, 3, 1)",3,Estruturação,NEUTRO
"(2, 1, 5, 3, 2)",3,Estruturação,NEUTRO
"(2, 1, 5, 3, 3)",3,Estruturação,NEUTRO
"(2, 1, 5, 3, 4)",3,Estruturação,NEUTRO
"(2, 1, 5, 3, 5)",3,Estruturação,INOVADOR
"(2, 1, 5, 4, 1)",3,Estruturação,NEUTRO
"(2, 1, 5, 4, 2)",3,Estruturação,NEUTRO
"(2, 1, 5, 4, 3)",3,Estruturação,NEUTRO
"(2, 1, 5, 4, 4)",3,Estruturação,ESTAVEL
"(2, 1, 5, 4, 5)",3,Estruturação,INOVADOR
"(2, 1, 5, 5, 1)",3,Estruturação,NEUTRO
"(2, 1, 5, 5, 2)",3,Estruturação,NEUTRO
"(2, 1, 5, 5, 3)",3,Estruturação,NEUTRO
"(2, 1, 5, 5, 4)",3,Estruturação,ESTAVEL
"(2, 1, 5, 5, 5)",3,Estruturação,IDEAL
"(2, 2, 1, 1, 1)",3,Estruturação,NEUTRO
"(2, 2, 1, 1, 2)",3,Estruturação,NEUTRO
"(2, 2, 1, 1, 3)",3,Estruturação,NEUTRO
"(2, 2, 1, 1, 4)",3,Estruturação,NEUTRO
"(2, 2, 1, 1, 5)",3,Estruturação,NEUTRO
"(2, 2, 1, 2, 1)",3,Estruturação,NEUTRO
"(2, 2, 1, 2, 2)",3,Estruturação,NEUTRO
"(2, 2, 1, 2, 3)",3,Estruturação,NEUTRO
"(2, 2, 1, 2, 4)",3,Estruturação,NEUTRO
"(2, 2, 1, 2, 5)",3,Estruturação,NEUTRO
"(2, 2, 1, 3, 1)",3,Estruturação,NEUTRO
"(2, 2, 1, 3, 2)",3,Estruturação,NEUTRO
"(2, 2, 1, 3, 3)",3,Estruturação,NEUTRO
"(2, 2, 1, 3, 4)",3,Estruturação,NEUTRO
"(2, 2, 1, 3, 5)",3,Estruturação,NEUTRO
"(2, 2, 1, 4, 1)",3,Estruturação,NEUTRO
"(2, 2, 1, 4, 2)",3,Estruturação,NEUTRO
"(2, 2, 1, 4, 3)",3,Estruturação,NEUTRO
"(2, 2, 1, 4, 4)",3,Estruturação,NEUTRO
"(2, 2, 1, 4, 5)",3,Estruturação,NEUTRO
"(2, 2, 1, 5, 1)",3,Estruturação,NEUTRO
"(2, 2, 1, 5, 2)",3,Estruturação,NEUTRO
"(2, 2, 1, 5, 3)",3,Estruturação,NEUTRO
"(2, 2, 1, 5, 4)",3,Estruturação,NEUTRO
"(2, 2, 1, 5, 5)",3,Estruturação,NEUTRO
"(2, 2, 2, 1, 1)",3,Estruturação,NEUTRO
"(2, 2, 2, 1, 2)",3,Estruturação,NEUTRO
"(2, 2, 2, 1, 3)",3,Estruturação,NEUTRO
"(2, 2, 2, 1, 4)",3,Estruturação,NEUTRO
"(2, 2, 2, 1, 5)",3,Estruturação,NEUTRO
"(2, 2, 2, 2, 1)",3,Estruturação,NEUTRO
"(2, 2, 2, 2, 2)",3,Estruturação,NEUTRO
"(2, 2, 2, 2, 3)",3,Estruturação,NEUTRO
"(2, 2, 2, 2, 4)",3,Estruturação,NEUTRO
"(2, 2, 2, 2, 5)",3,Estruturação,NEUTRO
"(2, 2, 2, 3, 1)",3,Estruturação,NEUTRO
"(2, 2, 2, 3, 2)",3,Estruturação,NEUTRO
"(2, 2, 2, 3, 3)",3,Estruturação,NEUTRO
"(2, 2, 2, 3, 4)",3,Estruturação,NEUTRO
"(2, 2, 2, 3, 5)",3,Estruturação,NEUTRO
"(2, 2, 2, 4, 1)",3,Estruturação,NEUTRO
"(2, 2, 2, 4, 2)",3,Estruturação,NEUTRO
"(2, 2, 2, 4, 3)",3,Estruturação,NEUTRO
"(2, 2, 2, 4, 4)",3,Estruturação,NEUTRO
"(2, 2, 2, 4, 5)",3,Estruturação,NEUTRO
"(2, 2, 2, 5, 1)",3,Estruturação,NEUTRO
"(2, 2, 2, 5, 2)",3,Estruturação,NEUTRO
"(2, 2, 2, 5, 3)",3,Estruturação,NEUTRO
"(2, 2, 2, 5, 4)",3,Estruturação,NEUTRO
"(2, 2, 2, 5, 5)",3,Estruturação,NEUTRO
"(2, 2, 3, 1, 1)",3,Estruturação,NEUTRO
"(2, 2, 3, 1, 2)",3,Estruturação,NEUTRO
"(2, 2, 3, 1, 3)",3,Estruturação,NEUTRO
"(2, 2, 3, 1, 4)",3,Estruturação,NEUTRO
"(2, 2, 3, 1, 5)",3,Estruturação,NEUTRO
"(2, 2, 3, 2, 1)",3,Estruturação,NEUTRO
"(2, 2, 3, 2, 2)",3,Estruturação,NEUTRO
"(2, 2, 3, 2, 3)",3,Estruturação,NEUTRO
"(2, 2, 3, 2, 4)",3,Estruturação,NEUTRO
"(2, 2, 3, 2, 5)",3,Estruturação,NEUTRO
"(2, 2, 3, 3, 1)",3,Estruturação,NEUTRO
"(2, 2, 3, 3, 2)",3,Estruturação,NEUTRO
"(2, 2, 3, 3, 3)",3,Estruturação,NEUTRO
"(2, 2, 3, 3, 4)",3,Estruturação,NEUTRO
"(2, 2, 3, 3, 5)",3,Estruturação,NEUTRO
"(2, 2, 3, 4, 1)",3,Estruturação,NEUTRO
"(2, 2, 3, 4, 2)",3,Estruturação,NEUTRO
"(2, 2, 3, 4, 3)",3,Estruturação,NEUTRO
"(2, 2, 3, 4, 4)",3,Estruturação,NEUTRO
"(2, 2, 3, 4, 5)",3,Estruturação,NEUTRO
"(2, 2, 3, 5, 1)",3,Estruturação,NEUTRO
"(2, 2, 3, 5, 2)",3,Estruturação,NEUTRO
"(2, 2, 3, 5, 3)",3,Estruturação,NEUTRO
"(2, 2, 3, 5, 4)",3,Estruturação,NEUTRO
"(2, 2, 3, 5, 5)",3,Estruturação,NEUTRO
"(2, 2, 4, 1, 1)",3,Estruturação,NEUTRO
"(2, 2, 4, 1, 2)",3,Estruturação,NEUTRO
"(2, 2, 4, 1, 3)",3,Estruturação,NEUTRO
"(2, 2, 4, 1, 4)",3,Estruturação,NEUTRO
"(2, 2, 4, 1, 5)",3,Estruturação,NEUTRO
"(2, 2, 4, 2, 1)",3,Estruturação,NEUTRO
"(2, 2, 4, 2, 2)",3,Estruturação,NEUTRO
"(2, 2, 4, 2, 3)",3,Estruturação,NEUTRO
"(2, 2, 4, 2, 4)",3,Estruturação,NEUTRO
"(2, 2, 4, 2, 5)",3,Estruturação,NEUTRO
"(2, 2, 4, 3, 1)",3,Estruturação,NEUTRO
"(2, 2, 4, 3, 2)",3,Estruturação,NEUTRO
"(2, 2, 4, 3, 3)",3,Estruturação,NEUTRO
"(2, 2, 4, 3, 4)",3,Estruturação,NEUTRO
"(2, 2, 4, 3, 5)",3,Estruturação,NEUTRO
"(2, 2, 4, 4, 1)",3,Estruturação,NEUTRO
"(2, 2, 4, 4, 2)",3,Estruturação,NEUTRO
"(2, 2, 4, 4, 3)",3,Estruturação,NEUTRO
"(2, 2, 4, 4, 4)",3,Estruturação,ESTAVEL
"(2, 2, 4, 4, 5)",3,Estruturação,ESTAVEL
"(2, 2, 4, 5, 1)",3,Estruturação,NEUTRO
"(2, 2, 4, 5, 2)",3,Estruturação,NEUTRO
"(2, 2, 4, 5, 3)",3,Estruturação,NEUTRO
"(2, 2, 4, 5, 4)",3,Estruturação,ESTAVEL
"(2, 2, 4, 5, 5)",3,Estruturação,ESTAVEL
"(2, 2, 5, 1, 1)",3,Estruturação,NEUTRO
"(2, 2, 5, 1, 2)",3,Estruturação,NEUTRO
"(2, 2, 5, 1, 3)",3,Estruturação,NEUTRO
"(2, 2, 5, 1, 4)",3,Estruturação,NEUTRO
"(2, 2, 5, 1, 5)",3,Estruturação,INOVADOR
"(2, 2, 5, 2, 1)",3,Estruturação,NEUTRO
"(2, 2, 5, 2, 2)",3,Estruturação,NEUTRO
"(2, 2, 5, 2, 3)",3,Estruturação,NEUTRO
"(2, 2, 5, 2, 4)",3,Estruturação,NEUTRO
"(2, 2, 5, 2, 5)",3,Estruturação,INOVADOR
"(2, 2, 5, 3, 1)",3,Estruturação,NEUTRO
"(2, 2, 5, 3, 2)",3,Estruturação,NEUTRO
"(2, 2, 5, 3, 3)",3,Estruturação,NEUTRO
"(2, 2, 5, 3, 4)",3,Estruturação,NEUTRO
"(2, 2, 5, 3, 5)",3,Estruturação,INOVADOR
"(2, 2, 5, 4, 1)",3,Estruturação,NEUTRO
"(2, 2, 5, 4, 2)",3,Estruturação,NEUTRO
"(2, 2, 5, 4, 3)",3,Estruturação,NEUTRO
"(2, 2, 5, 4, 4)",3,Estruturação,ESTAVEL
"(2, 2, 5, 4, 5)",3,Estruturação,INOVADOR
"(2, 2, 5, 5, 1)",3,Estruturação,NEUTRO
"(2, 2, 5, 5, 2)",3,Estruturação,NEUTRO
"(2, 2, 5, 5, 3)",3,Estruturação,NEUTRO
"(2, 2, 5, 5, 4)",3,Estruturação,ESTAVEL
"(2, 2, 5, 5, 5)",3,Estruturação,IDEAL
"(2, 3, 1, 1, 1)",3,Estruturação,NEUTRO
"(2, 3, 1, 1, 2)",3,Estruturação,NEUTRO
"(2, 3, 1, 1, 3)",3,Estruturação,NEUTRO
"(2, 3, 1, 1, 4)",3,Estruturação,NEUTRO
"(2, 3, 1, 1, 5)",3,Estruturação,NEUTRO
"(2, 3, 1, 2, 1)",3,Estruturação,NEUTRO
"(2, 3, 1, 2, 2)",3,Estruturação,NEUTRO
"(2, 3, 1, 2, 3)",3,Estruturação,NEUTRO
"(2, 3, 1, 2, 4)",3,Estruturação,NEUTRO
"(2, 3, 1, 2, 5)",3,Estruturação,NEUTRO
"(2, 3, 1, 3, 1)",3,Estruturação,NEUTRO
"(2, 3, 1, 3, 2)",3,Estruturação,NEUTRO
"(2, 3, 1, 3, 3)",3,Estruturação,NEUTRO
"(2, 3, 1, 3, 4)",3,Estruturação,NEUTRO
"(2, 3, 1, 3, 5)",3,Estruturação,NEUTRO
"(2, 3, 1, 4, 1)",3,Estruturação,NEUTRO
"(2, 3, 1, 4, 2)",3,Estruturação,NEUTRO
"(2, 3, 1, 4, 3)",3,Estruturação,NEUTRO
"(2, 3, 1, 4, 4)",3,Estruturação,NEUTRO
"(2, 3, 1, 4, 5)",3,Estruturação,NEUTRO
"(2, 3, 1, 5, 1)",3,Estruturação,NEUTRO
"(2, 3, 1, 5, 2)",3,Estruturação,NEUTRO
"(2, 3, 1, 5, 3)",3,Estruturação,NEUTRO
"(2, 3, 1, 5, 4)",3,Estruturação,NEUTRO
"(2, 3, 1, 5, 5)",3,Estruturação,NEUTRO
"(2, 3, 2, 1, 1)",3,Estruturação,NEUTRO
"(2, 3, 2, 1, 2)",3,Estruturação,NEUTRO
"(2, 3, 2, 1, 3)",3,Estruturação,NEUTRO
"(2, 3, 2, 1, 4)",3,Estruturação,NEUTRO
"(2, 3, 2, 1, 5)",3,Estruturação,NEUTRO
"(2, 3, 2, 2, 1)",3,Estruturação,NEUTRO
"(2, 3, 2, 2, 2)",3,Estruturação,NEUTRO
"(2, 3, 2, 2, 3)",3,Estruturação,NEUTRO
"(2, 3, 2, 2, 4)",3,Estruturação,NEUTRO
"(2, 3, 2, 2, 5)",3,Estruturação,NEUTRO
"(2, 3, 2, 3, 1)",3,Estruturação,NEUTRO
"(2, 3, 2, 3, 2)",3,Estruturação,NEUTRO
"(2, 3, 2, 3, 3)",2,Reconhecimento,NEUTRO
"(2, 3, 2, 3, 4)",3,Estruturação,NEUTRO
"(2, 3, 2, 3, 5)",3,Estruturação,NEUTRO
"(2, 3, 2, 4, 1)",3,Estruturação,NEUTRO
"(2, 3, 2, 4, 2)",3,Estruturação,NEUTRO
"(2, 3, 2, 4, 3)",2,Reconhecimento,NEUTRO
"(2, 3, 2, 4, 4)",3,Estruturação,NEUTRO
"(2, 3, 2, 4, 5)",3,Estruturação,NEUTRO
"(2, 3, 2, 5, 1)",3,Estruturação,NEUTRO
"(2, 3, 2, 5, 2)",3,Estruturação,NEUTRO
"(2, 3, 2, 5, 3)",3,Estruturação,NEUTRO
"(2, 3, 2, 5, 4)",3,Estruturação,NEUTRO
"(2, 3, 2, 5, 5)",3,Estruturação,NEUTRO
"(2, 3, 3, 1, 1)",3,Estruturação,NEUTRO
"(2, 3, 3, 1, 2)",3,Estruturação,NEUTRO
"(2, 3, 3, 1, 3)",3,Estruturação,NEUTRO
"(2, 3, 3, 1, 4)",3,Estruturação,NEUTRO
"(2, 3, 3, 1, 5)",3,Estruturação,NEUTRO
"(2, 3, 3, 2, 1)",3,Estruturação,NEUTRO
"(2, 3, 3, 2, 2)",3,Estruturação,NEUTRO
"(2, 3, 3, 2, 3)",3,Estruturação,NEUTRO
"(2, 3, 3, 2, 4)",3,Estruturação,NEUTRO
"(2, 3, 3, 2, 5)",3,Estruturação,NEUTRO
"(2, 3, 3, 3, 1)",3,Estruturação,NEUTRO
"(2, 3, 3, 3, 2)",3,Estruturação,NEUTRO
"(2, 3, 3, 3, 3)",2,Reconhecimento,NEUTRO
"(2, 3, 3, 3, 4)",3,Estruturação,NEUTRO
"(2, 3, 3, 3, 5)",3,Estruturação,NEUTRO
"(2, 3, 3, 4, 1)",3,Estruturação,NEUTRO
"(2, 3, 3, 4, 2)",3,Estruturação,NEUTRO
"(2, 3, 3, 4, 3)",3,Estruturação,NEUTRO
"(2, 3, 3, 4, 4)",3,Estruturação,NEUTRO
"(2, 3, 3, 4, 5)",3,Estruturação,NEUTRO
"(2, 3, 3, 5, 1)",3,Estruturação,NEUTRO
"(2, 3, 3, 5, 2)",3,Estruturação,NEUTRO
"(2, 3, 3, 5, 3)",3,Estruturação,NEUTRO
"(2, 3, 3, 5, 4)",3,Estruturação,NEUTRO
"(2, 3, 3, 5, 5)",3,Estruturação,NEUTRO
"(2, 3, 4, 1, 1)",3,Estruturação,NEUTRO
"(2, 3, 4, 1, 2)",3,Estruturação,NEUTRO
"(2, 3, 4, 1, 3)",3,Estruturação,NEUTRO
"(2, 3, 4, 1, 4)",3,Estruturação,NEUTRO
"(2, 3, 4, 1, 5)",3,Estruturação,NEUTRO
"(2, 3, 4, 2, 1)",3,Estruturação,NEUTRO
"(2, 3, 4, 2, 2)",3,Estruturação,NEUTRO
"(2, 3, 4, 2, 3)",3,Estruturação,NEUTRO
"(2, 3, 4, 2, 4)",3,Estruturação,NEUTRO
"(2, 3, 4, 2, 5)",3,Estruturação,NEUTRO
"(2, 3, 4, 3, 1)",3,Estruturação,NEUTRO
"(2, 3, 4, 3, 2)",3,Estruturação,NEUTRO
"(2, 3, 4, 3, 3)",3,Estruturação,NEUTRO
"(2, 3, 4, 3, 4)",3,Estruturação,NEUTRO
"(2, 3, 4, 3, 5)",3,Estruturação,NEUTRO
"(2, 3, 4, 4, 1)",3,Estruturação,NEUTRO
"(2, 3, 4, 4, 2)",3,Estruturação,NEUTRO
"(2, 3, 4, 4, 3)",3,Estruturação,NEUTRO
"(2, 3, 4, 4, 4)",3,Estruturação,ESTAVEL
"(2, 3, 4, 4, 5)",3,Estruturação,ESTAVEL
"(2, 3, 4, 5, 1)",3,Estruturação,NEUTRO
"(2, 3, 4, 5, 2)",3,Estruturação,NEUTRO
"(2, 3, 4, 5, 3)",3,Estruturação,NEUTRO
"(2, 3, 4, 5, 4)",3,Estruturação,ESTAVEL
"(2, 3, 4, 5, 5)",3,Estruturação,ESTAVEL
"(2, 3, 5, 1, 1)",3,Estruturação,NEUTRO
"(2, 3, 5, 1, 2)",3,Estruturação,NEUTRO
"(2, 3, 5, 1, 3)",3,Estruturação,NEUTRO
"(2, 3, 5, 1, 4)",3,Estruturação,NEUTRO
"(2, 3, 5, 1, 5)",3,Estruturação,INOVADOR
"(2, 3, 5, 2, 1)",3,Estruturação,NEUTRO
"(2, 3, 5, 2, 2)",3,Estruturação,NEUTRO
"(2, 3, 5, 2, 3)",3,Estruturação,NEUTRO
"(2, 3, 5, 2, 4)",3,Estruturação,NEUTRO
"(2, 3, 5, 2, 5)",3,Estruturação,INOVADOR
"(2, 3, 5, 3, 1)",3,Estruturação,NEUTRO
"(2, 3, 5, 3, 2)",3,Estruturação,NEUTRO
"(2, 3, 5, 3, 3)",3,Estruturação,NEUTRO
"(2, 3, 5, 3, 4)",3,Estruturação,NEUTRO
"(2, 3, 5, 3, 5)",3,Estruturação,INOVADOR
"(2, 3, 5, 4, 1)",3,Estruturação,NEUTRO
"(2, 3, 5, 4, 2)",3,Estruturação,NEUTRO
"(2, 3, 5, 4, 3)",3,Estruturação,NEUTRO
"(2, 3, 5, 4, 4)",3,Estruturação,ESTAVEL
"(2, 3, 5, 4, 5)",3,Estruturação,INOVADOR
"(2, 3, 5, 5, 1)",3,Estruturação,NEUTRO
"(2, 3, 5, 5, 2)",3,Estruturação,NEUTRO
"(2, 3, 5, 5, 3)",3,Estruturação,NEUTRO
"(2, 3, 5, 5, 4)",3,Estruturação,ESTAVEL
"(2, 3, 5, 5, 5)",3,Estruturação,IDEAL
"(2, 4, 1, 1, 1)",3,Estruturação,NEUTRO
"(2, 4, 1, 1, 2)",3,Estruturação,NEUTRO
"(2, 4, 1, 1, 3)",3,Estruturação,NEUTRO
"(2, 4, 1, 1, 4)",3,Estruturação,NEUTRO
"(2, 4, 1, 1, 5)",3,Estruturação,NEUTRO
"(2, 4, 1, 2, 1)",3,Estruturação,NEUTRO
"(2, 4, 1, 2, 2)",3,Estruturação,NEUTRO
"(2, 4, 1, 2, 3)",3,Estruturação,NEUTRO
"(2, 4, 1, 2, 4)",3,Estruturação,NEUTRO
"(2, 4, 1, 2, 5)",3,Estruturação,NEUTRO
"(2, 4, 1, 3, 1)",3,Estruturação,NEUTRO
"(2, 4, 1, 3, 2)",3,Estruturação,NEUTRO
"(2, 4, 1, 3, 3)",3,Estruturação,NEUTRO
"(2, 4, 1, 3, 4)",3,Estruturação,NEUTRO
"(2, 4, 1, 3, 5)",3,Estruturação,NEUTRO
"(2, 4, 1, 4, 1)",3,Estruturação,CAOTICO
"(2, 4, 1, 4, 2)",3,Estruturação,CAOTICO
"(2, 4, 1, 4, 3)",2,Reconhecimento,CAOTICO
"(2, 4, 1, 4, 4)",3,Estruturação,CAOTICO
"(2, 4, 1, 4, 5)",3,Estruturação,CAOTICO
"(2, 4, 1, 5, 1)",3,Estruturação,PROCESSUAL
"(2, 4, 1, 5, 2)",3,Estruturação,PROCESSUAL
"(2, 4, 1, 5, 3)",3,Estruturação,PROCESSUAL
"(2, 4, 1, 5, 4)",3,Estruturação,PROCESSUAL
"(2, 4, 1, 5, 5)",3,Estruturação,PROCESSUAL
"(2, 4, 2, 1, 1)",3,Estruturação,NEUTRO
"(2, 4, 2, 1, 2)",3,Estruturação,NEUTRO
"(2, 4, 2, 1, 3)",3,Estruturação,NEUTRO
"(2, 4, 2, 1, 4)",3,Estruturação,NEUTRO
"(2, 4, 2, 1, 5)",3,Estruturação,NEUTRO
"(2, 4, 2, 2, 1)",3,Estruturação,NEUTRO
"(2, 4, 2, 2, 2)",3,Estruturação,NEUTRO
"(2, 4, 2, 2, 3)",3,Estruturação,NEUTRO
"(2, 4, 2, 2, 4)",3,Estruturação,NEUTRO
"(2, 4, 2, 2, 5)",3,Estruturação,NEUTRO
"(2, 4, 2, 3, 1)",3,Estruturação,NEUTRO
"(2, 4, 2, 3, 2)",3,Estruturação,NEUTRO
"(2, 4, 2, 3, 3)",2,Reconhecimento,NEUTRO
"(2, 4, 2, 3, 4)",3,Estruturação,NEUTRO
"(2, 4, 2, 3, 5)",3,Estruturação,NEUTRO
"(2, 4, 2, 4, 1)",3,Estruturação,CAOTICO
"(2, 4, 2, 4, 2)",2,Reconhecimento,CAOTICO
"(2, 4, 2, 4, 3)",2,Reconhecimento,CAOTICO
"(2, 4, 2, 4, 4)",3,Estruturação,CAOTICO
"(2, 4, 2, 4, 5)",3,Estruturação,CAOTICO
"(2, 4, 2, 5, 1)",3,Estruturação,PROCESSUAL
"(2, 4, 2, 5, 2)",3,Estruturação,PROCESSUAL
"(2, 4, 2, 5, 3)",3,Estruturação,PROCESSUAL
"(2, 4, 2, 5, 4)",3,Estruturação,PROCESSUAL
"(2, 4, 2, 5, 5)",3,Estruturação,PROCESSUAL
"(2, 4, 3, 1, 1)",3,Estruturação,NEUTRO
"(2, 4, 3, 1, 2)",3,Estruturação,NEUTRO
"(2, 4, 3, 1, 3)",3,Estruturação,NEUTRO
"(2, 4, 3, 1, 4)",3,Estruturação,NEUTRO
"(2, 4, 3, 1, 5)",3,Estruturação,NEUTRO
"(2, 4, 3, 2, 1)",3,Estruturação,NEUTRO
"(2, 4, 3, 2, 2)",3,Estruturação,NEUTRO
"(2, 4, 3, 2, 3)",3,Estruturação,NEUTRO
"(2, 4, 3, 2, 4)",3,Estruturação,NEUTRO
"(2, 4, 3, 2, 5)",3,Estruturação,NEUTRO
"(2, 4, 3, 3, 1)",3,Estruturação,NEUTRO
"(2, 4, 3, 3, 2)",3,Estruturação,NEUTRO
"(2, 4, 3, 3, 3)",3,Estruturação,NEUTRO
"(2, 4, 3, 3, 4)",3,Estruturação,NEUTRO
"(2, 4, 3, 3, 5)",3,Estruturação,NEUTRO
"(2, 4, 3, 4, 1)",3,Estruturação,NEUTRO
"(2, 4, 3, 4, 2)",3,Estruturação,NEUTRO
"(2, 4, 3, 4, 3)",3,Estruturação,NEUTRO
"(2, 4, 3, 4, 4)",3,Estruturação,ESTAVEL
"(2, 4, 3, 4, 5)",3,Estruturação,ESTAVEL
"(2, 4, 3, 5, 1)",3,Estruturação,PROCESSUAL
"(2, 4, 3, 5, 2)",3,Estruturação,PROCESSUAL
"(2, 4, 3, 5, 3)",3,Estruturação,PROCESSUAL
"(2, 4, 3, 5, 4)",3,Estruturação,PROCESSUAL
"(2, 4, 3, 5, 5)",3,Estruturação,PROCESSUAL
"(2, 4, 4, 1, 1)",3,Estruturação,NEUTRO
"(2, 4, 4, 1, 2)",3,Estruturação,NEUTRO
"(2, 4, 4, 1, 3)",3,Estruturação,NEUTRO
"(2, 4, 4, 1, 4)",3,Estruturação,ESTAVEL
"(2, 4, 4, 1, 5)",3,Estruturação,ESTAVEL
"(2, 4, 4, 2, 1)",3,Estruturação,NEUTRO
"(2, 4, 4, 2, 2)",3,Estruturação,NEUTRO
"(2, 4, 4, 2, 3)",3,Estruturação,NEUTRO
"(2, 4, 4, 2, 4)",3,Estruturação,ESTAVEL
"(2, 4, 4, 2, 5)",3,Estruturação,ESTAVEL
"(2, 4, 4, 3, 1)",3,Estruturação,NEUTRO
"(2, 4, 4, 3, 2)",3,Estruturação,NEUTRO
"(2, 4, 4, 3, 3)",3,Estruturação,NEUTRO
"(2, 4, 4, 3, 4)",3,Estruturação,ESTAVEL
"(2, 4, 4, 3, 5)",3,Estruturação,ESTAVEL
"(2, 4, 4, 4, 1)",3,Estruturação,ESTAVEL
"(2, 4, 4, 4, 2)",3,Estruturação,ESTAVEL
"(2, 4, 4, 4, 3)",3,Estruturação,ESTAVEL
"(2, 4, 4, 4, 4)",3,Estruturação,ESTAVEL
"(2, 4, 4, 4, 5)",3,Estruturação,ESTAVEL
"(2, 4, 4, 5, 1)",3,Estruturação,PROCESSUAL
"(2, 4, 4, 5, 2)",3,Estruturação,PROCESSUAL
"(2, 4, 4, 5, 3)",3,Estruturação,PROCESSUAL
"(2, 4, 4, 5, 4)",3,Estruturação,ESTAVEL
"(2, 4, 4, 5, 5)",3,Estruturação,ESTAVEL
"(2, 4, 5, 1, 1)",3,Estruturação,NEUTRO
"(2, 4, 5, 1, 2)",3,Estruturação,NEUTRO
"(2, 4, 5, 1, 3)",3,Estruturação,NEUTRO
"(2, 4, 5, 1, 4)",3,Estruturação,ESTAVEL
"(2, 4, 5, 1, 5)",3,Estruturação,INOVADOR
"(2, 4, 5, 2, 1)",3,Estruturação,NEUTRO
"(2, 4, 5, 2, 2)",3,Estruturação,NEUTRO
"(2, 4, 5, 2, 3)",3,Estruturação,NEUTRO
"(2, 4, 5, 2, 4)",3,Estruturação,ESTAVEL
"(2, 4, 5, 2, 5)",3,Estruturação,INOVADOR
"(2, 4, 5, 3, 1)",3,Estruturação,NEUTRO
"(2, 4, 5, 3, 2)",3,Estruturação,NEUTRO
"(2, 4, 5, 3, 3)",3,Estruturação,NEUTRO
"(2, 4, 5, 3, 4)",3,Estruturação,ESTAVEL
"(2, 4, 5, 3, 5)",3,Estruturação,INOVADOR
"(2, 4, 5, 4, 1)",3,Estruturação,ESTAVEL
"(2, 4, 5, 4, 2)",3,Estruturação,ESTAVEL
"(2, 4, 5, 4, 3)",3,Estruturação,ESTAVEL
"(2, 4, 5, 4, 4)",3,Estruturação,ESTAVEL
"(2, 4, 5, 4, 5)",3,Estruturação,ESTAVEL
"(2, 4, 5, 5, 1)",3,Estruturação,PROCESSUAL
"(2, 4, 5, 5, 2)",3,Estruturação,PROCESSUAL
"(2, 4, 5, 5, 3)",3,Estruturação,PROCESSUAL
"(2, 4, 5, 5, 4)",3,Estruturação,ESTAVEL
"(2, 4, 5, 5, 5)",3,Estruturação,IDEAL
"(2, 5, 1, 1, 1)",3,Estruturação,CAOTICO
"(2, 5, 1, 1, 2)",3,Estruturação,CAOTICO
"(2, 5, 1, 1, 3)",3,Estruturação,CAOTICO
"(2, 5, 1, 1, 4)",3,Estruturação,CAOTICO
"(2, 5, 1, 1, 5)",3,Estruturação,CAOTICO
"(2, 5, 1, 2, 1)",3,Estruturação,CAOTICO
"(2, 5, 1, 2, 2)",3,Estruturação,CAOTICO
"(2, 5, 1, 2, 3)",3,Estruturação,CAOTICO
"(2, 5, 1, 2, 4)",3,Estruturação,CAOTICO
"(2, 5, 1, 2, 5)",3,Estruturação,CAOTICO
"(2, 5, 1, 3, 1)",3,Estruturação,CAOTICO
"(2, 5, 1, 3, 2)",3,Estruturação,CAOTICO
"(2, 5, 1, 3, 3)",2,Reconhecimento,CAOTICO
"(2, 5, 1, 3, 4)",3,Estruturação,CAOTICO
"(2, 5, 1, 3, 5)",3,Estruturação,CAOTICO
"(2, 5, 1, 4, 1)",3,Estruturação,CAOTICO
"(2, 5, 1, 4, 2)",2,Reconhecimento,CAOTICO
"(2, 5, 1, 4, 3)",2,Reconhecimento,CAOTICO
"(2, 5, 1, 4, 4)",3,Estruturação,CAOTICO
"(2, 5, 1, 4, 5)",3,Estruturação,CAOTICO
"(2, 5, 1, 5, 1)",3,Estruturação,PROCESSUAL
"(2, 5, 1, 5, 2)",3,Estruturação,PROCESSUAL
"(2, 5, 1, 5, 3)",3,Estruturação,PROCESSUAL
"(2, 5, 1, 5, 4)",3,Estruturação,PROCESSUAL
"(2, 5, 1, 5, 5)",3,Estruturação,PROCESSUAL
"(2, 5, 2, 1, 1)",3,Estruturação,CAOTICO
"(2, 5, 2, 1, 2)",3,Estruturação,CAOTICO
"(2, 5, 2, 1, 3)",3,Estruturação,CAOTICO
"(2, 5, 2, 1, 4)",3,Estruturação,CAOTICO
"(2, 5, 2, 1, 5)",3,Estruturação,CAOTICO
"(2, 5, 2, 2, 1)",3,Estruturação,CAOTICO
"(2, 5, 2, 2, 2)",3,Estruturação,CAOTICO
"(2, 5, 2, 2, 3)",2,Reconhecimento,CAOTICO
"(2, 5, 2, 2, 4)",3,Estruturação,CAOTICO
"(2, 5, 2, 2, 5)",3,Estruturação,CAOTICO
"(2, 5, 2, 3, 1)",3,Estruturação,CAOTICO
"(2, 5, 2, 3, 2)",2,Reconhecimento,CAOTICO
"(2, 5, 2, 3, 3)",2,Reconhecimento,CAOTICO
"(2, 5, 2, 3, 4)",3,Estruturação,CAOTICO
"(2, 5, 2, 3, 5)",3,Estruturação,CAOTICO
"(2, 5, 2, 4, 1)",2,Reconhecimento,CAOTICO
"(2, 5, 2, 4, 2)",2,Reconhecimento,CAOTICO
"(2, 5, 2, 4, 3)",2,Reconhecimento,CAOTICO
"(2, 5, 2, 4, 4)",2,Reconhecimento,CAOTICO
"(2, 5, 2, 4, 5)",3,Estruturação,CAOTICO
"(2, 5, 2, 5, 1)",3,Estruturação,PROCESSUAL
"(2, 5, 2, 5, 2)",3,Estruturação,PROCESSUAL
"(2, 5, 2, 5, 3)",3,Estruturação,PROCESSUAL
"(2, 5, 2, 5, 4)",3,Estruturação,PROCESSUAL
"(2, 5, 2, 5, 5)",3,Estruturação,PROCESSUAL
"(2, 5, 3, 1, 1)",3,Estruturação,NEUTRO
"(2, 5, 3, 1, 2)",3,Estruturação,NEUTRO
"(2, 5, 3, 1, 3)",3,Estruturação,NEUTRO
"(2, 5, 3, 1, 4)",3,Estruturação,NEUTRO
"(2, 5, 3, 1, 5)",3,Estruturação,NEUTRO
"(2, 5, 3, 2, 1)",3,Estruturação,NEUTRO
"(2, 5, 3, 2, 2)",3,Estruturação,NEUTRO
"(2, 5, 3, 2, 3)",3,Estruturação,NEUTRO
"(2, 5, 3, 2, 4)",3,Estruturação,NEUTRO
"(2, 5, 3, 2, 5)",3,Estruturação,NEUTRO
"(2, 5, 3, 3, 1)",3,Estruturação,NEUTRO
"(2, 5, 3, 3, 2)",3,Estruturação,NEUTRO
"(2, 5, 3, 3, 3)",3,Estruturação,NEUTRO
"(2, 5, 3, 3, 4)",3,Estruturação,NEUTRO
"(2, 5, 3, 3, 5)",3,Estruturação,NEUTRO
"(2, 5, 3, 4, 1)",3,Estruturação,PROCESSUAL
"(2, 5, 3, 4, 2)",3,Estruturação,PROCESSUAL
"(2, 5, 3, 4, 3)",3,Estruturação,PROCESSUAL
"(2, 5, 3, 4, 4)",3,Estruturação,PROCESSUAL
"(2, 5, 3, 4, 5)",3,Estruturação,PROCESSUAL
"(2, 5, 3, 5, 1)",3,Estruturação,PROCESSUAL
"(2, 5, 3, 5, 2)",3,Estruturação,PROCESSUAL
"(2, 5, 3, 5, 3)",3,Estruturação,PROCESSUAL
"(2, 5, 3, 5, 4)",3,Estruturação,PROCESSUAL
"(2, 5, 3, 5, 5)",3,Estruturação,PROCESSUAL
"(2, 5, 4, 1, 1)",3,Estruturação,NEUTRO
"(2, 5, 4, 1, 2)",3,Estruturação,NEUTRO
"(2, 5, 4, 1, 3)",3,Estruturação,NEUTRO
"(2, 5, 4, 1, 4)",3,Estruturação,ESTAVEL
"(2, 5, 4, 1, 5)",3,Estruturação,ESTAVEL
"(2, 5, 4, 2, 1)",3,Estruturação,NEUTRO
"(2, 5, 4, 2, 2)",3,Estruturação,NEUTRO
"(2, 5, 4, 2, 3)",3,Estruturação,NEUTRO
"(2, 5, 4, 2, 4)",3,Estruturação,ESTAVEL
"(2, 5, 4, 2, 5)",3,Estruturação,ESTAVEL
"(2, 5, 4, 3, 1)",3,Estruturação,NEUTRO
"(2, 5, 4, 3, 2)",3,Estruturação,NEUTRO
"(2, 5, 4, 3, 3)",3,Estruturação,NEUTRO
"(2, 5, 4, 3, 4)",3,Estruturação,ESTAVEL
"(2, 5, 4, 3, 5)",3,Estruturação,ESTAVEL
"(2, 5, 4, 4, 1)",3,Estruturação,PROCESSUAL
"(2, 5, 4, 4, 2)",3,Estruturação,PROCESSUAL
"(2, 5, 4, 4, 3)",3,Estruturação,PROCESSUAL
"(2, 5, 4, 4, 4)",3,Estruturação,ESTAVEL
"(2, 5, 4, 4, 5)",3,Estruturação,ESTAVEL
"(2, 5, 4, 5, 1)",3,Estruturação,PROCESSUAL
"(2, 5, 4, 5, 2)",3,Estruturação,PROCESSUAL
"(2, 5, 4, 5, 3)",3,Estruturação,PROCESSUAL
"(2, 5, 4, 5, 4)",3,Estruturação,PROCESSUAL
"(2, 5, 4, 5, 5)",3,Estruturação,IDEAL
"(2, 5, 5, 1, 1)",3,Estruturação,NEUTRO
"(2, 5, 5, 1, 2)",3,Estruturação,NEUTRO
"(2, 5, 5, 1, 3)",3,Estruturação,NEUTRO
"(2, 5, 5, 1, 4)",3,Estruturação,ESTAVEL
"(2, 5, 5, 1, 5)",3,Estruturação,IDEAL
"(2, 5, 5, 2, 1)",3,Estruturação,NEUTRO
"(2, 5, 5, 2, 2)",3,Estruturação,NEUTRO
"(2, 5, 5, 2, 3)",3,Estruturação,NEUTRO
"(2, 5, 5, 2, 4)",3,Estruturação,ESTAVEL
"(2, 5, 5, 2, 5)",3,Estruturação,IDEAL
"(2, 5, 5, 3, 1)",3,Estruturação,NEUTRO
"(2, 5, 5, 3, 2)",3,Estruturação,NEUTRO
"(2, 5, 5, 3, 3)",3,Estruturação,NEUTRO
"(2, 5, 5, 3, 4)",3,Estruturação,ESTAVEL
"(2, 5, 5, 3, 5)",3,Estruturação,IDEAL
"(2, 5, 5, 4, 1)",3,Estruturação,PROCESSUAL
"(2, 5, 5, 4, 2)",3,Estruturação,PROCESSUAL
"(2, 5, 5, 4, 3)",3,Estruturação,PROCESSUAL
"(2, 5, 5, 4, 4)",3,Estruturação,ESTAVEL
"(2, 5, 5, 4, 5)",3,Estruturação,IDEAL
"(2, 5, 5, 5, 1)",3,Estruturação,PROCESSUAL
"(2, 5, 5, 5, 2)",3,Estruturação,PROCESSUAL
"(2, 5, 5, 5, 3)",3,Estruturação,PROCESSUAL
"(2, 5, 5, 5, 4)",3,Estruturação,IDEAL
"(2, 5, 5, 5, 5)",3,Estruturação,IDEAL
"(3, 1, 1, 1, 1)",3,Estruturação,NEUTRO
"(3, 1, 1, 1, 2)",3,Estruturação,NEUTRO
"(3, 1, 1, 1, 3)",3,Estruturação,NEUTRO
"(3, 1, 1, 1, 4)",3,Estruturação,NEUTRO
"(3, 1, 1, 1, 5)",3,Estruturação,NEUTRO
"(3, 1, 1, 2, 1)",3,Estruturação,NEUTRO
"(3, 1, 1, 2, 2)",3,Estruturação,NEUTRO
"(3, 1, 1, 2, 3)",3,Estruturação,NEUTRO
"(3, 1, 1, 2, 4)",3,Estruturação,NEUTRO
"(3, 1, 1, 2, 5)",3,Estruturação,NEUTRO
"(3, 1, 1, 3, 1)",3,Estruturação,NEUTRO
"(3, 1, 1, 3, 2)",3,Estruturação,NEUTRO
"(3, 1, 1, 3, 3)",3,Estruturação,NEUTRO
"(3, 1, 1, 3, 4)",3,Estruturação,NEUTRO
"(3, 1, 1, 3, 5)",3,Estruturação,NEUTRO
"(3, 1, 1, 4, 1)",3,Estruturação,NEUTRO
"(3, 1, 1, 4, 2)",3,Estruturação,NEUTRO
"(3, 1, 1, 4, 3)",3,Estruturação,NEUTRO
"(3, 1, 1, 4, 4)",3,Estruturação,NEUTRO
"(3, 1, 1, 4, 5)",3,Estruturação,NEUTRO
"(3, 1, 1, 5, 1)",3,Estruturação,NEUTRO
"(3, 1, 1, 5, 2)",3,Estruturação,NEUTRO
"(3, 1, 1, 5, 3)",3,Estruturação,NEUTRO
"(3, 1, 1, 5, 4)",3,Estruturação,NEUTRO
"(3, 1, 1, 5, 5)",3,Estruturação,NEUTRO
"(3, 1, 2, 1, 1)",3,Estruturação,NEUTRO
"(3, 1, 2, 1, 2)",3,Estruturação,NEUTRO
"(3, 1, 2, 1, 3)",3,Estruturação,NEUTRO
"(3, 1, 2, 1, 4)",3,Estruturação,NEUTRO
"(3, 1, 2, 1, 5)",3,Estruturação,NEUTRO
"(3, 1, 2, 2, 1)",3,Estruturação,NEUTRO
"(3, 1, 2, 2, 2)",3,Estruturação,NEUTRO
"(3, 1, 2, 2, 3)",3,Estruturação,NEUTRO
"(3, 1, 2, 2, 4)",3,Estruturação,NEUTRO
"(3, 1, 2, 2, 5)",3,Estruturação,NEUTRO
"(3, 1, 2, 3, 1)",3,Estruturação,NEUTRO
"(3, 1, 2, 3, 2)",3,Estruturação,NEUTRO
"(3, 1, 2, 3, 3)",3,Estruturação,NEUTRO
"(3, 1, 2, 3, 4)",3,Estruturação,NEUTRO
"(3, 1, 2, 3, 5)",3,Estruturação,NEUTRO
"(3, 1, 2, 4, 1)",3,Estruturação,NEUTRO
"(3, 1, 2, 4, 2)",3,Estruturação,NEUTRO
"(3, 1, 2, 4, 3)",3,Estruturação,NEUTRO
"(3, 1, 2, 4, 4)",3,Estruturação,NEUTRO
"(3, 1, 2, 4, 5)",3,Estruturação,NEUTRO
"(3, 1, 2, 5, 1)",3,Estruturação,NEUTRO
"(3, 1, 2, 5, 2)",3,Estruturação,NEUTRO
"(3, 1, 2, 5, 3)",3,Estruturação,NEUTRO
"(3, 1, 2, 5, 4)",3,Estruturação,NEUTRO
"(3, 1, 2, 5, 5)",3,Estruturação,NEUTRO
"(3, 1, 3, 1, 1)",3,Estruturação,NEUTRO
"(3, 1, 3, 1, 2)",3,Estruturação,NEUTRO
"(3, 1, 3, 1, 3)",3,Estruturação,NEUTRO
"(3, 1, 3, 1, 4)",3,Estruturação,NEUTRO
"(3, 1, 3, 1, 5)",3,Estruturação,NEUTRO
"(3, 1, 3, 2, 1)",3,Estruturação,NEUTRO
"(3, 1, 3, 2, 2)",3,Estruturação,NEUTRO
"(3, 1, 3, 2, 3)",3,Estruturação,NEUTRO
"(3, 1, 3, 2, 4)",3,Estruturação,NEUTRO
"(3, 1, 3, 2, 5)",3,Estruturação,NEUTRO
"(3, 1, 3, 3, 1)",3,Estruturação,NEUTRO
"(3, 1, 3, 3, 2)",3,Estruturação,NEUTRO
"(3, 1, 3, 3, 3)",3,Estruturação,NEUTRO
"(3, 1, 3, 3, 4)",3,Estruturação,NEUTRO
"(3, 1, 3, 3, 5)",3,Estruturação,NEUTRO
"(3, 1, 3, 4, 1)",3,Estruturação,NEUTRO
"(3, 1, 3, 4, 2)",3,Estruturação,NEUTRO
"(3, 1, 3, 4, 3)",3,Estruturação,NEUTRO
"(3, 1, 3, 4, 4)",3,Estruturação,NEUTRO
"(3, 1, 3, 4, 5)",3,Estruturação,NEUTRO
"(3, 1, 3, 5, 1)",3,Estruturação,NEUTRO
"(3, 1, 3, 5, 2)",3,Estruturação,NEUTRO
"(3, 1, 3, 5, 3)",3,Estruturação,NEUTRO
"(3, 1, 3, 5, 4)",3,Estruturação,NEUTRO
"(3, 1, 3, 5, 5)",3,Estruturação,NEUTRO
"(3, 1, 4, 1, 1)",3,Estruturação,NEUTRO
"(3, 1, 4, 1, 2)",3,Estruturação,NEUTRO
"(3, 1, 4, 1, 3)",3,Estruturação,NEUTRO
"(3, 1, 4, 1, 4)",3,Estruturação,NEUTRO
"(3, 1, 4, 1, 5)",3,Estruturação,NEUTRO
"(3, 1, 4, 2, 1)",3,Estruturação,NEUTRO
"(3, 1, 4, 2, 2)",3,Estruturação,NEUTRO
"(3, 1, 4, 2, 3)",3,Estruturação,NEUTRO
"(3, 1, 4, 2, 4)",3,Estruturação,NEUTRO
"(3, 1, 4, 2, 5)",3,Estruturação,NEUTRO
"(3, 1, 4, 3, 1)",3,Estruturação,NEUTRO
"(3, 1, 4, 3, 2)",3,Estruturação,NEUTRO
"(3, 1, 4, 3, 3)",3,Estruturação,NEUTRO
"(3, 1, 4, 3, 4)",3,Estruturação,NEUTRO
"(3, 1, 4, 3, 5)",3,Estruturação,NEUTRO
"(3, 1, 4, 4, 1)",3,Estruturação,NEUTRO
"(3, 1, 4, 4, 2)",3,Estruturação,NEUTRO
"(3, 1, 4, 4, 3)",3,Estruturação,NEUTRO
"(3, 1, 4, 4, 4)",3,Estruturação,ESTAVEL
"(3, 1, 4, 4, 5)",3,Estruturação,ESTAVEL
"(3, 1, 4, 5, 1)",3,Estruturação,NEUTRO
"(3, 1, 4, 5, 2)",3,Estruturação,NEUTRO
"(3, 1, 4, 5, 3)",3,Estruturação,NEUTRO
"(3, 1, 4, 5, 4)",3,Estruturação,ESTAVEL
"(3, 1, 4, 5, 5)",3,Estruturação,ESTAVEL
"(3, 1, 5, 1, 1)",3,Estruturação,NEUTRO
"(3, 1, 5, 1, 2)",3,Estruturação,NEUTRO
"(3, 1, 5, 1, 3)",3,Estruturação,NEUTRO
"(3, 1, 5, 1, 4)",3,Estruturação,NEUTRO
"(3, 1, 5, 1, 5)",3,Estruturação,INOVADOR
"(3, 1, 5, 2, 1)",3,Estruturação,NEUTRO
"(3, 1, 5, 2, 2)",3,Estruturação,NEUTRO
"(3, 1, 5, 2, 3)",3,Estruturação,NEUTRO
"(3, 1, 5, 2, 4)",3,Estruturação,NEUTRO
"(3, 1, 5, 2, 5)",3,Estruturação,INOVADOR
"(3, 1, 5, 3, 1)",3,Estruturação,NEUTRO
"(3, 1, 5, 3, 2)",3,Estruturação,NEUTRO
"(3, 1, 5, 3, 3)",3,Estruturação,NEUTRO
"(3, 1, 5, 3, 4)",3,Estruturação,NEUTRO
"(3, 1, 5, 3, 5)",3,Estruturação,INOVADOR
"(3, 1, 5, 4, 1)",3,Estruturação,NEUTRO
"(3, 1, 5, 4, 2)",3,Estruturação,NEUTRO
"(3, 1, 5, 4, 3)",3,Estruturação,NEUTRO
"(3, 1, 5, 4, 4)",3,Estruturação,ESTAVEL
"(3, 1, 5, 4, 5)",3,Estruturação,INOVADOR
"(3, 1, 5, 5, 1)",3,Estruturação,NEUTRO
"(3, 1, 5, 5, 2)",3,Estruturação,NEUTRO
"(3, 1, 5, 5, 3)",3,Estruturação,NEUTRO
"(3, 1, 5, 5, 4)",3,Estruturação,ESTAVEL
"(3, 1, 5, 5, 5)",3,Estruturação,IDEAL
"(3, 2, 1, 1, 1)",3,Estruturação,NEUTRO
"(3, 2, 1, 1, 2)",3,Estruturação,NEUTRO
"(3, 2, 1, 1, 3)",3,Estruturação,NEUTRO
"(3, 2, 1, 1, 4)",3,Estruturação,NEUTRO
"(3, 2, 1, 1, 5)",3,Estruturação,NEUTRO
"(3, 2, 1, 2, 1)",3,Estruturação,NEUTRO
"(3, 2, 1, 2, 2)",3,Estruturação,NEUTRO
"(3, 2, 1, 2, 3)",3,Estruturação,NEUTRO
"(3, 2, 1, 2, 4)",3,Estruturação,NEUTRO
"(3, 2, 1, 2, 5)",3,Estruturação,NEUTRO
"(3, 2, 1, 3, 1)",3,Estruturação,NEUTRO
"(3, 2, 1, 3, 2)",3,Estruturação,NEUTRO
"(3, 2, 1, 3, 3)",3,Estruturação,NEUTRO
"(3, 2, 1, 3, 4)",3,Estruturação,NEUTRO
"(3, 2, 1, 3, 5)",3,Estruturação,NEUTRO
"(3, 2, 1, 4, 1)",3,Estruturação,NEUTRO
"(3, 2, 1, 4, 2)",3,Estruturação,NEUTRO
"(3, 2, 1, 4, 3)",3,Estruturação,NEUTRO
"(3, 2, 1, 4, 4)",3,Estruturação,NEUTRO
"(3, 2, 1, 4, 5)",3,Estruturação,NEUTRO
"(3, 2, 1, 5, 1)",3,Estruturação,NEUTRO
"(3, 2, 1, 5, 2)",3,Estruturação,NEUTRO
"(3, 2, 1, 5, 3)",3,Estruturação,NEUTRO
"(3, 2, 1, 5, 4)",3,Estruturação,NEUTRO
"(3, 2, 1, 5, 5)",3,Estruturação,NEUTRO
"(3, 2, 2, 1, 1)",3,Estruturação,NEUTRO
"(3, 2, 2, 1, 2)",3,Estruturação,NEUTRO
"(3, 2, 2, 1, 3)",3,Estruturação,NEUTRO
"(3, 2, 2, 1, 4)",3,Estruturação,NEUTRO
"(3, 2, 2, 1, 5)",3,Estruturação,NEUTRO
"(3, 2, 2, 2, 1)",3,Estruturação,NEUTRO
"(3, 2, 2, 2, 2)",3,Estruturação,NEUTRO
"(3, 2, 2, 2, 3)",3,Estruturação,NEUTRO
"(3, 2, 2, 2, 4)",3,Estruturação,NEUTRO
"(3, 2, 2, 2, 5)",3,Estruturação,NEUTRO
"(3, 2, 2, 3, 1)",3,Estruturação,NEUTRO
"(3, 2, 2, 3, 2)",3,Estruturação,NEUTRO
"(3, 2, 2, 3, 3)",3,Estruturação,NEUTRO
"(3, 2, 2, 3, 4)",3,Estruturação,NEUTRO
"(3, 2, 2, 3, 5)",3,Estruturação,NEUTRO
"(3, 2, 2, 4, 1)",3,Estruturação,NEUTRO
"(3, 2, 2, 4, 2)",3,Estruturação,NEUTRO
"(3, 2, 2, 4, 3)",3,Estruturação,NEUTRO
"(3, 2, 2, 4, 4)",3,Estruturação,NEUTRO
"(3, 2, 2, 4, 5)",3,Estruturação,NEUTRO
"(3, 2, 2, 5, 1)",3,Estruturação,NEUTRO
"(3, 2, 2, 5, 2)",3,Estruturação,NEUTRO
"(3, 2, 2, 5, 3)",3,Estruturação,NEUTRO
"(3, 2, 2, 5, 4)",3,Estruturação,NEUTRO
"(3, 2, 2, 5, 5)",3,Estruturação,NEUTRO
"(3, 2, 3, 1, 1)",3,Estruturação,NEUTRO
"(3, 2, 3, 1, 2)",3,Estruturação,NEUTRO
"(3, 2, 3, 1, 3)",3,Estruturação,NEUTRO
"(3, 2, 3, 1, 4)",3,Estruturação,NEUTRO
"(3, 2, 3, 1, 5)",3,Estruturação,NEUTRO
"(3, 2, 3, 2, 1)",3,Estruturação,NEUTRO
"(3, 2, 3, 2, 2)",3,Estruturação,NEUTRO
"(3, 2, 3, 2, 3)",3,Estruturação,NEUTRO
"(3, 2, 3, 2, 4)",3,Estruturação,NEUTRO
"(3, 2, 3, 2, 5)",3,Estruturação,NEUTRO
"(3, 2, 3, 3, 1)",3,Estruturação,NEUTRO
"(3, 2, 3, 3, 2)",3,Estruturação,NEUTRO
"(3, 2, 3, 3, 3)",3,Estruturação,NEUTRO
"(3, 2, 3, 3, 4)",3,Estruturação,NEUTRO
"(3, 2, 3, 3, 5)",3,Estruturação,NEUTRO
"(3, 2, 3, 4, 1)",3,Estruturação,NEUTRO
"(3, 2, 3, 4, 2)",3,Estruturação,NEUTRO
"(3, 2, 3, 4, 3)",3,Estruturação,NEUTRO
"(3, 2, 3, 4, 4)",3,Estruturação,NEUTRO
"(3, 2, 3, 4, 5)",3,Estruturação,NEUTRO
"(3, 2, 3, 5, 1)",3,Estruturação,NEUTRO
"(3, 2, 3, 5, 2)",3,Estruturação,NEUTRO
"(3, 2, 3, 5, 3)",3,Estruturação,NEUTRO
"(3, 2, 3, 5, 4)",3,Estruturação,NEUTRO
"(3, 2, 3, 5, 5)",3,Estruturação,NEUTRO
"(3, 2, 4, 1, 1)",3,Estruturação,NEUTRO
"(3, 2, 4, 1, 2)",3,Estruturação,NEUTRO
"(3, 2, 4, 1, 3)",3,Estruturação,NEUTRO
"(3, 2, 4, 1, 4)",3,Estruturação,NEUTRO
"(3, 2, 4, 1, 5)",3,Estruturação,NEUTRO
"(3, 2, 4, 2, 1)",3,Estruturação,NEUTRO
"(3, 2, 4, 2, 2)",3,Estruturação,NEUTRO
"(3, 2, 4, 2, 3)",3,Estruturação,NEUTRO
"(3, 2, 4, 2, 4)",3,Estruturação,NEUTRO
"(3, 2, 4, 2, 5)",3,Estruturação,NEUTRO
"(3, 2, 4, 3, 1)",3,Estruturação,NEUTRO
"(3, 2, 4, 3, 2)",3,Estruturação,NEUTRO
"(3, 2, 4, 3, 3)",3,Estruturação,NEUTRO
"(3, 2, 4, 3, 4)",3,Estruturação,NEUTRO
"(3, 2, 4, 3, 5)",3,Estruturação,NEUTRO
"(3, 2, 4, 4, 1)",3,Estruturação,NEUTRO
"(3, 2, 4, 4, 2)",3,Estruturação,NEUTRO
"(3, 2, 4, 4, 3)",3,Estruturação,NEUTRO
"(3, 2, 4, 4, 4)",3,Estruturação,ESTAVEL
"(3, 2, 4, 4, 5)",3,Estruturação,ESTAVEL
"(3, 2, 4, 5, 1)",3,Estruturação,NEUTRO
"(3, 2, 4, 5, 2)",3,Estruturação,NEUTRO
"(3, 2, 4, 5, 3)",3,Estruturação,NEUTRO
"(3, 2, 4, 5, 4)",3,Estruturação,ESTAVEL
"(3, 2, 4, 5, 5)",3,Estruturação,ESTAVEL
"(3, 2, 5, 1, 1)",3,Estruturação,NEUTRO
"(3, 2, 5, 1, 2)",3,Estruturação,NEUTRO
"(3, 2, 5, 1, 3)",3,Estruturação,NEUTRO
"(3, 2, 5, 1, 4)",3,Estruturação,NEUTRO
"(3, 2, 5, 1, 5)",3,Estruturação,INOVADOR
"(3, 2, 5, 2, 1)",3,Estruturação,NEUTRO
"(3, 2, 5, 2, 2)",3,Estruturação,NEUTRO
"(3, 2, 5, 2, 3)",3,Estruturação,NEUTRO
"(3, 2, 5, 2, 4)",3,Estruturação,NEUTRO
"(3, 2, 5, 2, 5)",3,Estruturação,INOVADOR
"(3, 2, 5, 3, 1)",3,Estruturação,NEUTRO
"(3, 2, 5, 3, 2)",3,Estruturação,NEUTRO
"(3, 2, 5, 3, 3)",3,Estruturação,NEUTRO
"(3, 2, 5, 3, 4)",3,Estruturação,NEUTRO
"(3, 2, 5, 3, 5)",3,Estruturação,INOVADOR
"(3, 2, 5, 4, 1)",3,Estruturação,NEUTRO
"(3, 2, 5, 4, 2)",3,Estruturação,NEUTRO
"(3, 2, 5, 4, 3)",3,Estruturação,NEUTRO
"(3, 2, 5, 4, 4)",3,Estruturação,ESTAVEL
"(3, 2, 5, 4, 5)",3,Estruturação,INOVADOR
"(3, 2, 5, 5, 1)",3,Estruturação,NEUTRO
"(3, 2, 5, 5, 2)",3,Estruturação,NEUTRO
"(3, 2, 5, 5, 3)",3,Estruturação,NEUTRO
"(3, 2, 5, 5, 4)",3,Estruturação,ESTAVEL
"(3, 2, 5, 5, 5)",3,Estruturação,IDEAL
"(3, 3, 1, 1, 1)",3,Estruturação,NEUTRO
"(3, 3, 1, 1, 2)",3,Estruturação,NEUTRO
"(3, 3, 1, 1, 3)",3,Estruturação,NEUTRO
"(3, 3, 1, 1, 4)",3,Estruturação,NEUTRO
"(3, 3, 1, 1, 5)",3,Estruturação,NEUTRO
"(3, 3, 1, 2, 1)",3,Estruturação,NEUTRO
"(3, 3, 1, 2, 2)",3,Estruturação,NEUTRO
"(3, 3, 1, 2, 3)",3,Estruturação,NEUTRO
"(3, 3, 1, 2, 4)",3,Estruturação,NEUTRO
"(3, 3, 1, 2, 5)",3,Estruturação,NEUTRO
"(3, 3, 1, 3, 1)",3,Estruturação,NEUTRO
"(3, 3, 1, 3, 2)",3,Estruturação,NEUTRO
"(3, 3, 1, 3, 3)",3,Estruturação,NEUTRO
"(3, 3, 1, 3, 4)",3,Estruturação,NEUTRO
"(3, 3, 1, 3, 5)",3,Estruturação,NEUTRO
"(3, 3, 1, 4, 1)",3,Estruturação,NEUTRO
"(3, 3, 1, 4, 2)",3,Estruturação,NEUTRO
"(3, 3, 1, 4, 3)",3,Estruturação,NEUTRO
"(3, 3, 1, 4, 4)",3,Estruturação,NEUTRO
"(3, 3, 1, 4, 5)",3,Estruturação,NEUTRO
"(3, 3, 1, 5, 1)",3,Estruturação,NEUTRO
"(3, 3, 1, 5, 2)",3,Estruturação,NEUTRO
"(3, 3, 1, 5, 3)",3,Estruturação,NEUTRO
"(3, 3, 1, 5, 4)",3,Estruturação,NEUTRO
"(3, 3, 1, 5, 5)",3,Estruturação,NEUTRO
"(3, 3, 2, 1, 1)",3,Estruturação,NEUTRO
"(3, 3, 2, 1, 2)",3,Estruturação,NEUTRO
"(3, 3, 2, 1, 3)",3,Estruturação,NEUTRO
"(3, 3, 2, 1, 4)",3,Estruturação,NEUTRO
"(3, 3, 2, 1, 5)",3,Estruturação,NEUTRO
"(3, 3, 2, 2, 1)",3,Estruturação,NEUTRO
"(3, 3, 2, 2, 2)",3,Estruturação,NEUTRO
"(3, 3, 2, 2, 3)",3,Estruturação,NEUTRO
"(3, 3, 2, 2, 4)",3,Estruturação,NEUTRO
"(3, 3, 2, 2, 5)",3,Estruturação,NEUTRO
"(3, 3, 2, 3, 1)",3,Estruturação,NEUTRO
"(3, 3, 2, 3, 2)",3,Estruturação,NEUTRO
"(3, 3, 2, 3, 3)",2,Reconhecimento,NEUTRO
"(3, 3, 2, 3, 4)",3,Estruturação,NEUTRO
"(3, 3, 2, 3, 5)",3,Estruturação,NEUTRO
"(3, 3, 2, 4, 1)",3,Estruturação,NEUTRO
"(3, 3, 2, 4, 2)",3,Estruturação,NEUTRO
"(3, 3, 2, 4, 3)",3,Estruturação,NEUTRO
"(3, 3, 2, 4, 4)",3,Estruturação,NEUTRO
"(3, 3, 2, 4, 5)",3,Estruturação,NEUTRO
"(3, 3, 2, 5, 1)",3,Estruturação,NEUTRO
"(3, 3, 2, 5, 2)",3,Estruturação,NEUTRO
"(3, 3, 2, 5, 3)",3,Estruturação,NEUTRO
"(3, 3, 2, 5, 4)",3,Estruturação,NEUTRO
"(3, 3, 2, 5, 5)",3,Estruturação,NEUTRO
"(3, 3, 3, 1, 1)",3,Estruturação,NEUTRO
"(3, 3, 3, 1, 2)",3,Estruturação,NEUTRO
"(3, 3, 3, 1, 3)",3,Estruturação,NEUTRO
"(3, 3, 3, 1, 4)",3,Estruturação,NEUTRO
"(3, 3, 3, 1, 5)",3,Estruturação,NEUTRO
"(3, 3, 3, 2, 1)",3,Estruturação,NEUTRO
"(3, 3, 3, 2, 2)",3,Estruturação,NEUTRO
"(3, 3, 3, 2, 3)",3,Estruturação,NEUTRO
"(3, 3, 3, 2, 4)",3,Estruturação,NEUTRO
"(3, 3, 3, 2, 5)",3,Estruturação,NEUTRO
"(3, 3, 3, 3, 1)",3,Estruturação,NEUTRO
"(3, 3, 3, 3, 2)",3,Estruturação,NEUTRO
"(3, 3, 3, 3, 3)",2,Reconhecimento,NEUTRO
"(3, 3, 3, 3, 4)",3,Estruturação,NEUTRO
"(3, 3, 3, 3, 5)",3,Estruturação,NEUTRO
"(3, 3, 3, 4, 1)",3,Estruturação,NEUTRO
"(3, 3, 3, 4, 2)",3,Estruturação,NEUTRO
"(3, 3, 3, 4, 3)",3,Estruturação,NEUTRO
"(3, 3, 3, 4, 4)",3,Estruturação,NEUTRO
"(3, 3, 3, 4, 5)",3,Estruturação,NEUTRO
"(3, 3, 3, 5, 1)",3,Estruturação,NEUTRO
"(3, 3, 3, 5, 2)",3,Estruturação,NEUTRO
"(3, 3, 3, 5, 3)",3,Estruturação,NEUTRO
"(3, 3, 3, 5, 4)",3,Estruturação,NEUTRO
"(3, 3, 3, 5, 5)",3,Estruturação,NEUTRO
"(3, 3, 4, 1, 1)",3,Estruturação,NEUTRO
"(3, 3, 4, 1, 2)",3,Estruturação,NEUTRO
"(3, 3, 4, 1, 3)",3,Estruturação,NEUTRO
"(3, 3, 4, 1, 4)",3,Estruturação,NEUTRO
"(3, 3, 4, 1, 5)",3,Estruturação,NEUTRO
"(3, 3, 4, 2, 1)",3,Estruturação,NEUTRO
"(3, 3, 4, 2, 2)",3,Estruturação,NEUTRO
"(3, 3, 4, 2, 3)",3,Estruturação,NEUTRO
"(3, 3, 4, 2, 4)",3,Estruturação,NEUTRO
"(3, 3, 4, 2, 5)",3,Estruturação,NEUTRO
"(3, 3, 4, 3, 1)",3,Estruturação,NEUTRO
"(3, 3, 4, 3, 2)",3,Estruturação,NEUTRO
"(3, 3, 4, 3, 3)",3,Estruturação,NEUTRO
"(3, 3, 4, 3, 4)",3,Estruturação,NEUTRO
"(3, 3, 4, 3, 5)",3,Estruturação,NEUTRO
"(3, 3, 4, 4, 1)",3,Estruturação,NEUTRO
"(3, 3, 4, 4, 2)",3,Estruturação,NEUTRO
"(3, 3, 4, 4, 3)",3,Estruturação,NEUTRO
"(3, 3, 4, 4, 4)",3,Estruturação,ESTAVEL
"(3, 3, 4, 4, 5)",3,Estruturação,ESTAVEL
"(3, 3, 4, 5, 1)",3,Estruturação,NEUTRO
"(3, 3, 4, 5, 2)",3,Estruturação,NEUTRO
"(3, 3, 4, 5, 3)",3,Estruturação,NEUTRO
"(3, 3, 4, 5, 4)",3,Estruturação,ESTAVEL
"(3, 3, 4, 5, 5)",3,Estruturação,ESTAVEL
"(3, 3, 5, 1, 1)",3,Estruturação,NEUTRO
"(3, 3, 5, 1, 2)",3,Estruturação,NEUTRO
"(3, 3, 5, 1, 3)",3,Estruturação,NEUTRO
"(3, 3, 5, 1, 4)",3,Estruturação,NEUTRO
"(3, 3, 5, 1, 5)",3,Estruturação,INOVADOR
"(3, 3, 5, 2, 1)",3,Estruturação,NEUTRO
"(3, 3, 5, 2, 2)",3,Estruturação,NEUTRO
"(3, 3, 5, 2, 3)",3,Estruturação,NEUTRO
"(3, 3, 5, 2, 4)",3,Estruturação,NEUTRO
"(3, 3, 5, 2, 5)",3,Estruturação,INOVADOR
"(3, 3, 5, 3, 1)",3,Estruturação,NEUTRO
"(3, 3, 5, 3, 2)",3,Estruturação,NEUTRO
"(3, 3, 5, 3, 3)",3,Estruturação,NEUTRO
"(3, 3, 5, 3, 4)",3,Estruturação,NEUTRO
"(3, 3, 5, 3, 5)",3,Estruturação,INOVADOR
"(3, 3, 5, 4, 1)",3,Estruturação,NEUTRO
"(3, 3, 5, 4, 2)",3,Estruturação,NEUTRO
"(3, 3, 5, 4, 3)",3,Estruturação,NEUTRO
"(3, 3, 5, 4, 4)",3,Estruturação,ESTAVEL
"(3, 3, 5, 4, 5)",3,Estruturação,INOVADOR
"(3, 3, 5, 5, 1)",3,Estruturação,NEUTRO
"(3, 3, 5, 5, 2)",3,Estruturação,NEUTRO
"(3, 3, 5, 5, 3)",3,Estruturação,NEUTRO
"(3, 3, 5, 5, 4)",3,Estruturação,ESTAVEL
"(3, 3, 5, 5, 5)",3,Estruturação,IDEAL
"(3, 4, 1, 1, 1)",3,Estruturação,NEUTRO
"(3, 4, 1, 1, 2)",3,Estruturação,NEUTRO
"(3, 4, 1, 1, 3)",3,Estruturação,NEUTRO
"(3, 4, 1, 1, 4)",3,Estruturação,NEUTRO
"(3, 4, 1, 1, 5)",3,Estruturação,NEUTRO
"(3, 4, 1, 2, 1)",3,Estruturação,NEUTRO
"(3, 4, 1, 2, 2)",3,Estruturação,NEUTRO
"(3, 4, 1, 2, 3)",3,Estruturação,NEUTRO
"(3, 4, 1, 2, 4)",3,Estruturação,NEUTRO
"(3, 4, 1, 2, 5)",3,Estruturação,NEUTRO
"(3, 4, 1, 3, 1)",3,Estruturação,NEUTRO
"(3, 4, 1, 3, 2)",3,Estruturação,NEUTRO
"(3, 4, 1, 3, 3)",3,Estruturação,NEUTRO
"(3, 4, 1, 3, 4)",3,Estruturação,NEUTRO
"(3, 4, 1, 3, 5)",3,Estruturação,NEUTRO
"(3, 4, 1, 4, 1)",3,Estruturação,NEUTRO
"(3, 4, 1, 4, 2)",3,Estruturação,NEUTRO
"(3, 4, 1, 4, 3)",3,Estruturação,NEUTRO
"(3, 4, 1, 4, 4)",3,Estruturação,ESTAVEL
"(3, 4, 1, 4, 5)",3,Estruturação,ESTAVEL
"(3, 4, 1, 5, 1)",3,Estruturação,PROCESSUAL
"(3, 4, 1, 5, 2)",3,Estruturação,PROCESSUAL
"(3, 4, 1, 5, 3)",3,Estruturação,PROCESSUAL
"(3, 4, 1, 5, 4)",3,Estruturação,PROCESSUAL
"(3, 4, 1, 5, 5)",3,Estruturação,PROCESSUAL
"(3, 4, 2, 1, 1)",3,Estruturação,NEUTRO
"(3, 4, 2, 1, 2)",3,Estruturação,NEUTRO
"(3, 4, 2, 1, 3)",3,Estruturação,NEUTRO
"(3, 4, 2, 1, 4)",3,Estruturação,NEUTRO
"(3, 4, 2, 1, 5)",3,Estruturação,NEUTRO
"(3, 4, 2, 2, 1)",3,Estruturação,NEUTRO
"(3, 4, 2, 2, 2)",3,Estruturação,NEUTRO
"(3, 4, 2, 2, 3)",3,Estruturação,NEUTRO
"(3, 4, 2, 2, 4)",3,Estruturação,NEUTRO
"(3, 4, 2, 2, 5)",3,Estruturação,NEUTRO
"(3, 4, 2, 3, 1)",3,Estruturação,NEUTRO
"(3, 4, 2, 3, 2)",3,Estruturação,NEUTRO
"(3, 4, 2, 3, 3)",3,Estruturação,NEUTRO
"(3, 4, 2, 3, 4)",3,Estruturação,NEUTRO
"(3, 4, 2, 3, 5)",3,Estruturação,NEUTRO
"(3, 4, 2, 4, 1)",3,Estruturação,NEUTRO
"(3, 4, 2, 4, 2)",3,Estruturação,NEUTRO
"(3, 4, 2, 4, 3)",3,Estruturação,NEUTRO
"(3, 4, 2, 4, 4)",3,Estruturação,ESTAVEL
"(3, 4, 2, 4, 5)",3,Estruturação,ESTAVEL
"(3, 4, 2, 5, 1)",3,Estruturação,PROCESSUAL
"(3, 4, 2, 5, 2)",3,Estruturação,PROCESSUAL
"(3, 4, 2, 5, 3)",3,Estruturação,PROCESSUAL
"(3, 4, 2, 5, 4)",3,Estruturação,PROCESSUAL
"(3, 4, 2, 5, 5)",3,Estruturação,PROCESSUAL
"(3, 4, 3, 1, 1)",3,Estruturação,NEUTRO
"(3, 4, 3, 1, 2)",3,Estruturação,NEUTRO
"(3, 4, 3, 1, 3)",3,Estruturação,NEUTRO
"(3, 4, 3, 1, 4)",3,Estruturação,NEUTRO
"(3, 4, 3, 1, 5)",3,Estruturação,NEUTRO
"(3, 4, 3, 2, 1)",3,Estruturação,NEUTRO
"(3, 4, 3, 2, 2)",3,Estruturação,NEUTRO
"(3, 4, 3, 2, 3)",3,Estruturação,NEUTRO
"(3, 4, 3, 2, 4)",3,Estruturação,NEUTRO
"(3, 4, 3, 2, 5)",3,Estruturação,NEUTRO
"(3, 4, 3, 3, 1)",3,Estruturação,NEUTRO
"(3, 4, 3, 3, 2)",3,Estruturação,NEUTRO
"(3, 4, 3, 3, 3)",3,Estruturação,NEUTRO
"(3, 4, 3, 3, 4)",3,Estruturação,NEUTRO
"(3, 4, 3, 3, 5)",3,Estruturação,NEUTRO
"(3, 4, 3, 4, 1)",3,Estruturação,NEUTRO
"(3, 4, 3, 4, 2)",3,Estruturação,NEUTRO
"(3, 4, 3, 4, 3)",3,Estruturação,NEUTRO
"(3, 4, 3, 4, 4)",3,Estruturação,ESTAVEL
"(3, 4, 3, 4, 5)",3,Estruturação,ESTAVEL
"(3, 4, 3, 5, 1)",3,Estruturação,PROCESSUAL
"(3, 4, 3, 5, 2)",3,Estruturação,PROCESSUAL
"(3, 4, 3, 5, 3)",3,Estruturação,PROCESSUAL
"(3, 4, 3, 5, 4)",3,Estruturação,PROCESSUAL
"(3, 4, 3, 5, 5)",3,Estruturação,PROCESSUAL
"(3, 4, 4, 1, 1)",3,Estruturação,NEUTRO
"(3, 4, 4, 1, 2)",3,Estruturação,NEUTRO
"(3, 4, 4, 1, 3)",3,Estruturação,NEUTRO
"(3, 4, 4, 1, 4)",3,Estruturação,ESTAVEL
"(3, 4, 4, 1, 5)",3,Estruturação,ESTAVEL
"(3, 4, 4, 2, 1)",3,Estruturação,NEUTRO
"(3, 4, 4, 2, 2)",3,Estruturação,NEUTRO
"(3, 4, 4, 2, 3)",3,Estruturação,NEUTRO
"(3, 4, 4, 2, 4)",3,Estruturação,ESTAVEL
"(3, 4, 4, 2, 5)",3,Estruturação,ESTAVEL
"(3, 4, 4, 3, 1)",3,Estruturação,NEUTRO
"(3, 4, 4, 3, 2)",3,Estruturação,NEUTRO
"(3, 4, 4, 3, 3)",3,Estruturação,NEUTRO
"(3, 4, 4, 3, 4)",3,Estruturação,ESTAVEL
"(3, 4, 4, 3, 5)",3,Estruturação,ESTAVEL
"(3, 4, 4, 4, 1)",3,Estruturação,ESTAVEL
"(3, 4, 4, 4, 2)",3,Estruturação,ESTAVEL
"(3, 4, 4, 4, 3)",3,Estruturação,ESTAVEL
"(3, 4, 4, 4, 4)",3,Estruturação,ESTAVEL
"(3, 4, 4, 4, 5)",3,Estruturação,ESTAVEL
"(3, 4, 4, 5, 1)",3,Estruturação,PROCESSUAL
"(3, 4, 4, 5, 2)",3,Estruturação,PROCESSUAL
"(3, 4, 4, 5, 3)",3,Estruturação,PROCESSUAL
"(3, 4, 4, 5, 4)",3,Estruturação,ESTAVEL
"(3, 4, 4, 5, 5)",3,Estruturação,ESTAVEL
"(3, 4, 5, 1, 1)",3,Estruturação,NEUTRO
"(3, 4, 5, 1, 2)",3,Estruturação,NEUTRO
"(3, 4, 5, 1, 3)",3,Estruturação,NEUTRO
"(3, 4, 5, 1, 4)",3,Estruturação,ESTAVEL
"(3, 4, 5, 1, 5)",3,Estruturação,INOVADOR
"(3, 4, 5, 2, 1)",3,Estruturação,NEUTRO
"(3, 4, 5, 2, 2)",3,Estruturação,NEUTRO
"(3, 4, 5, 2, 3)",3,Estruturação,NEUTRO
"(3, 4, 5, 2, 4)",3,Estruturação,ESTAVEL
"(3, 4, 5, 2, 5)",3,Estruturação,INOVADOR
"(3, 4, 5, 3, 1)",3,Estruturação,NEUTRO
"(3, 4, 5, 3, 2)",3,Estruturação,NEUTRO
"(3, 4, 5, 3, 3)",3,Estruturação,NEUTRO
"(3, 4, 5, 3, 4)",3,Estruturação,ESTAVEL
"(3, 4, 5, 3, 5)",3,Estruturação,INOVADOR
"(3, 4, 5, 4, 1)",3,Estruturação,ESTAVEL
"(3, 4, 5, 4, 2)",3,Estruturação,ESTAVEL
"(3, 4, 5, 4, 3)",3,Estruturação,ESTAVEL
"(3, 4, 5, 4, 4)",3,Estruturação,ESTAVEL
"(3, 4, 5, 4, 5)",3,Estruturação,ESTAVEL
"(3, 4, 5, 5, 1)",3,Estruturação,PROCESSUAL
"(3, 4, 5, 5, 2)",3,Estruturação,PROCESSUAL
"(3, 4, 5, 5, 3)",3,Estruturação,PROCESSUAL
"(3, 4, 5, 5, 4)",3,Estruturação,ESTAVEL
"(3, 4, 5, 5, 5)",3,Estruturação,IDEAL
"(3, 5, 1, 1, 1)",3,Estruturação,NEUTRO
"(3, 5, 1, 1, 2)",3,Estruturação,NEUTRO
"(3, 5, 1, 1, 3)",3,Estruturação,NEUTRO
"(3, 5, 1, 1, 4)",3,Estruturação,NEUTRO
"(3, 5, 1, 1, 5)",3,Estruturação,NEUTRO
"(3, 5, 1, 2, 1)",3,Estruturação,NEUTRO
"(3, 5, 1, 2, 2)",3,Estruturação,NEUTRO
"(3, 5, 1, 2, 3)",3,Estruturação,NEUTRO
"(3, 5, 1, 2, 4)",3,Estruturação,NEUTRO
"(3, 5, 1, 2, 5)",3,Estruturação,NEUTRO
"(3, 5, 1, 3, 1)",3,Estruturação,NEUTRO
"(3, 5, 1, 3, 2)",3,Estruturação,NEUTRO
"(3, 5, 1, 3, 3)",3,Estruturação,NEUTRO
"(3, 5, 1, 3, 4)",3,Estruturação,NEUTRO
"(3, 5, 1, 3, 5)",3,Estruturação,NEUTRO
"(3, 5, 1, 4, 1)",3,Estruturação,PROCESSUAL
"(3, 5, 1, 4, 2)",3,Estruturação,PROCESSUAL
"(3, 5, 1, 4, 3)",3,Estruturação,PROCESSUAL
"(3, 5, 1, 4, 4)",3,Estruturação,PROCESSUAL
"(3, 5, 1, 4, 5)",3,Estruturação,PROCESSUAL
"(3, 5, 1, 5, 1)",3,Estruturação,PROCESSUAL
"(3, 5, 1, 5, 2)",3,Estruturação,PROCESSUAL
"(3, 5, 1, 5, 3)",3,Estruturação,PROCESSUAL
"(3, 5, 1, 5, 4)",3,Estruturação,PROCESSUAL
"(3, 5, 1, 5, 5)",3,Estruturação,PROCESSUAL
"(3, 5, 2, 1, 1)",3,Estruturação,NEUTRO
"(3, 5, 2, 1, 2)",3,Estruturação,NEUTRO
"(3, 5, 2, 1, 3)",3,Estruturação,NEUTRO
"(3, 5, 2, 1, 4)",3,Estruturação,NEUTRO
"(3, 5, 2, 1, 5)",3,Estruturação,NEUTRO
"(3, 5, 2, 2, 1)",3,Estruturação,NEUTRO
"(3, 5, 2, 2, 2)",3,Estruturação,NEUTRO
"(3, 5, 2, 2, 3)",3,Estruturação,NEUTRO
"(3, 5, 2, 2, 4)",3,Estruturação,NEUTRO
"(3, 5, 2, 2, 5)",3,Estruturação,NEUTRO
"(3, 5, 2, 3, 1)",3,Estruturação,NEUTRO
"(3, 5, 2, 3, 2)",3,Estruturação,NEUTRO
"(3, 5, 2, 3, 3)",3,Estruturação,NEUTRO
"(3, 5, 2, 3, 4)",3,Estruturação,NEUTRO
"(3, 5, 2, 3, 5)",3,Estruturação,NEUTRO
"(3, 5, 2, 4, 1)",3,Estruturação,PROCESSUAL
"(3, 5, 2, 4, 2)",3,Estruturação,PROCESSUAL
"(3, 5, 2, 4, 3)",3,Estruturação,PROCESSUAL
"(3, 5, 2, 4, 4)",3,Estruturação,PROCESSUAL
"(3, 5, 2, 4, 5)",3,Estruturação,PROCESSUAL
"(3, 5, 2, 5, 1)",3,Estruturação,PROCESSUAL
"(3, 5, 2, 5, 2)",3,Estruturação,PROCESSUAL
"(3, 5, 2, 5, 3)",3,Estruturação,PROCESSUAL
"(3, 5, 2, 5, 4)",3,Estruturação,PROCESSUAL
"(3, 5, 2, 5, 5)",3,Estruturação,PROCESSUAL
"(3, 5, 3, 1, 1)",3,Estruturação,NEUTRO
"(3, 5, 3, 1, 2)",3,Estruturação,NEUTRO
"(3, 5, 3, 1, 3)",3,Estruturação,NEUTRO
"(3, 5, 3, 1, 4)",3,Estruturação,NEUTRO
"(3, 5, 3, 1, 5)",3,Estruturação,NEUTRO
"(3, 5, 3, 2, 1)",3,Estruturação,NEUTRO
"(3, 5, 3, 2, 2)",3,Estruturação,NEUTRO
"(3, 5, 3, 2, 3)",3,Estruturação,NEUTRO
"(3, 5, 3, 2, 4)",3,Estruturação,NEUTRO
"(3, 5, 3, 2, 5)",3,Estruturação,NEUTRO
"(3, 5, 3, 3, 1)",3,Estruturação,NEUTRO
"(3, 5, 3, 3, 2)",3,Estruturação,NEUTRO
"(3, 5, 3, 3, 3)",3,Estruturação,NEUTRO
"(3, 5, 3, 3, 4)",3,Estruturação,NEUTRO
"(3, 5, 3, 3, 5)",3,Estruturação,NEUTRO
"(3, 5, 3, 4, 1)",3,Estruturação,PROCESSUAL
"(3, 5, 3, 4, 2)",3,Estruturação,PROCESSUAL
"(3, 5, 3, 4, 3)",3,Estruturação,PROCESSUAL
"(3, 5, 3, 4, 4)",3,Estruturação,PROCESSUAL
"(3, 5, 3, 4, 5)",3,Estruturação,PROCESSUAL
"(3, 5, 3, 5, 1)",3,Estruturação,PROCESSUAL
"(3, 5, 3, 5, 2)",3,Estruturação,PROCESSUAL
"(3, 5, 3, 5, 3)",3,Estruturação,PROCESSUAL
"(3, 5, 3, 5, 4)",3,Estruturação,PROCESSUAL
"(3, 5, 3, 5, 5)",3,Estruturação,PROCESSUAL
"(3, 5, 4, 1, 1)",3,Estruturação,NEUTRO
"(3, 5, 4, 1, 2)",3,Estruturação,NEUTRO
"(3, 5, 4, 1, 3)",3,Estruturação,NEUTRO
"(3, 5, 4, 1, 4)",3,Estruturação,ESTAVEL
"(3, 5, 4, 1, 5)",3,Estruturação,ESTAVEL
"(3, 5, 4, 2, 1)",3,Estruturação,NEUTRO
"(3, 5, 4, 2, 2)",3,Estruturação,NEUTRO
"(3, 5, 4, 2, 3)",3,Estruturação,NEUTRO
"(3, 5, 4, 2, 4)",3,Estruturação,ESTAVEL
"(3, 5, 4, 2, 5)",3,Estruturação,ESTAVEL
"(3, 5, 4, 3, 1)",3,Estruturação,NEUTRO
"(3, 5, 4, 3, 2)",3,Estruturação,NEUTRO
"(3, 5, 4, 3, 3)",3,Estruturação,NEUTRO
"(3, 5, 4, 3, 4)",3,Estruturação,ESTAVEL
"(3, 5, 4, 3, 5)",3,Estruturação,ESTAVEL
"(3, 5, 4, 4, 1)",3,Estruturação,PROCESSUAL
"(3, 5, 4, 4, 2)",3,Estruturação,PROCESSUAL
"(3, 5, 4, 4, 3)",3,Estruturação,PROCESSUAL
"(3, 5, 4, 4, 4)",3,Estruturação,ESTAVEL
"(3, 5, 4, 4, 5)",3,Estruturação,ESTAVEL
"(3, 5, 4, 5, 1)",3,Estruturação,PROCESSUAL
"(3, 5, 4, 5, 2)",3,Estruturação,PROCESSUAL
"(3, 5, 4, 5, 3)",3,Estruturação,PROCESSUAL
"(3, 5, 4, 5, 4)",3,Estruturação,PROCESSUAL
"(3, 5, 4, 5, 5)",3,Estruturação,IDEAL
"(3, 5, 5, 1, 1)",3,Estruturação,NEUTRO
"(3, 5, 5, 1, 2)",3,Estruturação,NEUTRO
"(3, 5, 5, 1, 3)",3,Estruturação,NEUTRO
"(3, 5, 5, 1, 4)",3,Estruturação,ESTAVEL
"(3, 5, 5, 1, 5)",3,Estruturação,IDEAL
"(3, 5, 5, 2, 1)",3,Estruturação,NEUTRO
"(3, 5, 5, 2, 2)",3,Estruturação,NEUTRO
"(3, 5, 5, 2, 3)",3,Estruturação,NEUTRO
"(3, 5, 5, 2, 4)",3,Estruturação,ESTAVEL
"(3, 5, 5, 2, 5)",3,Estruturação,IDEAL
"(3, 5, 5, 3, 1)",3,Estruturação,NEUTRO
"(3, 5, 5, 3, 2)",3,Estruturação,NEUTRO
"(3, 5, 5, 3, 3)",3,Estruturação,NEUTRO
"(3, 5, 5, 3, 4)",3,Estruturação,ESTAVEL
"(3, 5, 5, 3, 5)",3,Estruturação,IDEAL
"(3, 5, 5, 4, 1)",3,Estruturação,PROCESSUAL
"(3, 5, 5, 4, 2)",3,Estruturação,PROCESSUAL
"(3, 5, 5, 4, 3)",3,Estruturação,PROCESSUAL
"(3, 5, 5, 4, 4)",3,Estruturação,ESTAVEL
"(3, 5, 5, 4, 5)",3,Estruturação,IDEAL
"(3, 5, 5, 5, 1)",3,Estruturação,PROCESSUAL
"(3, 5, 5, 5, 2)",3,Estruturação,PROCESSUAL
"(3, 5, 5, 5, 3)",3,Estruturação,PROCESSUAL
"(3, 5, 5, 5, 4)",3,Estruturação,IDEAL
"(3, 5, 5, 5, 5)",4,Coexistência,IDEAL
"(4, 1, 1, 1, 1)",3,Estruturação,NEUTRO
"(4, 1, 1, 1, 2)",3,Estruturação,NEUTRO
"(4, 1, 1, 1, 3)",3,Estruturação,NEUTRO
"(4, 1, 1, 1, 4)",3,Estruturação,NEUTRO
"(4, 1, 1, 1, 5)",3,Estruturação,NEUTRO
"(4, 1, 1, 2, 1)",3,Estruturação,NEUTRO
"(4, 1, 1, 2, 2)",3,Estruturação,NEUTRO
"(4, 1, 1, 2, 3)",3,Estruturação,NEUTRO
"(4, 1, 1, 2, 4)",3,Estruturação,NEUTRO
"(4, 1, 1, 2, 5)",3,Estruturação,NEUTRO
"(4, 1, 1, 3, 1)",3,Estruturação,NEUTRO
"(4, 1, 1, 3, 2)",3,Estruturação,NEUTRO
"(4, 1, 1, 3, 3)",3,Estruturação,NEUTRO
"(4, 1, 1, 3, 4)",3,Estruturação,NEUTRO
"(4, 1, 1, 3, 5)",3,Estruturação,NEUTRO
"(4, 1, 1, 4, 1)",3,Estruturação,NEUTRO
"(4, 1, 1, 4, 2)",3,Estruturação,NEUTRO
"(4, 1, 1, 4, 3)",3,Estruturação,NEUTRO
"(4, 1, 1, 4, 4)",3,Estruturação,ESTAVEL
"(4, 1, 1, 4, 5)",3,Estruturação,ESTAVEL
"(4, 1, 1, 5, 1)",3,Estruturação,NEUTRO
"(4, 1, 1, 5, 2)",3,Estruturação,NEUTRO
"(4, 1, 1, 5, 3)",3,Estruturação,NEUTRO
"(4, 1, 1, 5, 4)",3,Estruturação,ESTAVEL
"(4, 1, 1, 5, 5)",3,Estruturação,ESTAVEL
"(4, 1, 2, 1, 1)",3,Estruturação,NEUTRO
"(4, 1, 2, 1, 2)",3,Estruturação,NEUTRO
"(4, 1, 2, 1, 3)",3,Estruturação,NEUTRO
"(4, 1, 2, 1, 4)",3,Estruturação,NEUTRO
"(4, 1, 2, 1, 5)",3,Estruturação,NEUTRO
"(4, 1, 2, 2, 1)",3,Estruturação,NEUTRO
"(4, 1, 2, 2, 2)",3,Estruturação,NEUTRO
"(4, 1, 2, 2, 3)",3,Estruturação,NEUTRO
"(4, 1, 2, 2, 4)",3,Estruturação,NEUTRO
"(4, 1, 2, 2, 5)",3,Estruturação,NEUTRO
"(4, 1, 2, 3, 1)",3,Estruturação,NEUTRO
"(4, 1, 2, 3, 2)",3,Estruturação,NEUTRO
"(4, 1, 2, 3, 3)",3,Estruturação,NEUTRO
"(4, 1, 2, 3, 4)",3,Estruturação,NEUTRO
"(4, 1, 2, 3, 5)",3,Estruturação,NEUTRO
"(4, 1, 2, 4, 1)",3,Estruturação,NEUTRO
"(4, 1, 2, 4, 2)",3,Estruturação,NEUTRO
"(4, 1, 2, 4, 3)",3,Estruturação,NEUTRO
"(4, 1, 2, 4, 4)",3,Estruturação,ESTAVEL
"(4, 1, 2, 4, 5)",3,Estruturação,ESTAVEL
"(4, 1, 2, 5, 1)",3,Estruturação,NEUTRO
"(4, 1, 2, 5, 2)",3,Estruturação,NEUTRO
"(4, 1, 2, 5, 3)",3,Estruturação,NEUTRO
"(4, 1, 2, 5, 4)",3,Estruturação,ESTAVEL
"(4, 1, 2, 5, 5)",3,Estruturação,ESTAVEL
"(4, 1, 3, 1, 1)",3,Estruturação,NEUTRO
"(4, 1, 3, 1, 2)",3,Estruturação,NEUTRO
"(4, 1, 3, 1, 3)",3,Estruturação,NEUTRO
"(4, 1, 3, 1, 4)",3,Estruturação,NEUTRO
"(4, 1, 3, 1, 5)",3,Estruturação,NEUTRO
"(4, 1, 3, 2, 1)",3,Estruturação,NEUTRO
"(4, 1, 3, 2, 2)",3,Estruturação,NEUTRO
"(4, 1, 3, 2, 3)",3,Estruturação,NEUTRO
"(4, 1, 3, 2, 4)",3,Estruturação,NEUTRO
"(4, 1, 3, 2, 5)",3,Estruturação,NEUTRO
"(4, 1, 3, 3, 1)",3,Estruturação,NEUTRO
"(4, 1, 3, 3, 2)",3,Estruturação,NEUTRO
"(4, 1, 3, 3, 3)",3,Estruturação,NEUTRO
"(4, 1, 3, 3, 4)",3,Estruturação,NEUTRO
"(4, 1, 3, 3, 5)",3,Estruturação,NEUTRO
"(4, 1, 3, 4, 1)",3,Estruturação,NEUTRO
"(4, 1, 3, 4, 2)",3,Estruturação,NEUTRO
"(4, 1, 3, 4, 3)",3,Estruturação,NEUTRO
"(4, 1, 3, 4, 4)",3,Estruturação,ESTAVEL
"(4, 1, 3, 4, 5)",3,Estruturação,ESTAVEL
"(4, 1, 3, 5, 1)",3,Estruturação,NEUTRO
"(4, 1, 3, 5, 2)",3,Estruturação,NEUTRO
"(4, 1, 3, 5, 3)",3,Estruturação,NEUTRO
"(4, 1, 3, 5, 4)",3,Estruturação,ESTAVEL
"(4, 1, 3, 5, 5)",3,Estruturação,ESTAVEL
"(4, 1, 4, 1, 1)",3,Estruturação,NEUTRO
"(4, 1, 4, 1, 2)",3,Estruturação,NEUTRO
"(4, 1, 4, 1, 3)",3,Estruturação,NEUTRO
"(4, 1, 4, 1, 4)",3,Estruturação,ESTAVEL
"(4, 1, 4, 1, 5)",3,Estruturação,INOVADOR
"(4, 1, 4, 2, 1)",3,Estruturação,NEUTRO
"(4, 1, 4, 2, 2)",3,Estruturação,NEUTRO
"(4, 1, 4, 2, 3)",3,Estruturação,NEUTRO
"(4, 1, 4, 2, 4)",3,Estruturação,ESTAVEL
"(4, 1, 4, 2, 5)",3,Estruturação,INOVADOR
"(4, 1, 4, 3, 1)",3,Estruturação,NEUTRO
"(4, 1, 4, 3, 2)",3,Estruturação,NEUTRO
"(4, 1, 4, 3, 3)",3,Estruturação,NEUTRO
"(4, 1, 4, 3, 4)",3,Estruturação,ESTAVEL
"(4, 1, 4, 3, 5)",3,Estruturação,INOVADOR
"(4, 1, 4, 4, 1)",3,Estruturação,ESTAVEL
"(4, 1, 4, 4, 2)",3,Estruturação,ESTAVEL
"(4, 1, 4, 4, 3)",3,Estruturação,ESTAVEL
"(4, 1, 4, 4, 4)",3,Estruturação,ESTAVEL
"(4, 1, 4, 4, 5)",3,Estruturação,ESTAVEL
"(4, 1, 4, 5, 1)",3,Estruturação,ESTAVEL
"(4, 1, 4, 5, 2)",3,Estruturação,ESTAVEL
"(4, 1, 4, 5, 3)",3,Estruturação,ESTAVEL
"(4, 1, 4, 5, 4)",3,Estruturação,ESTAVEL
"(4, 1, 4, 5, 5)",3,Estruturação,ESTAVEL
"(4, 1, 5, 1, 1)",3,Estruturação,NEUTRO
"(4, 1, 5, 1, 2)",3,Estruturação,NEUTRO
"(4, 1, 5, 1, 3)",3,Estruturação,NEUTRO
"(4, 1, 5, 1, 4)",3,Estruturação,INOVADOR
"(4, 1, 5, 1, 5)",3,Estruturação,INOVADOR
"(4, 1, 5, 2, 1)",3,Estruturação,NEUTRO
"(4, 1, 5, 2, 2)",3,Estruturação,NEUTRO
"(4, 1, 5, 2, 3)",3,Estruturação,NEUTRO
"(4, 1, 5, 2, 4)",3,Estruturação,INOVADOR
"(4, 1, 5, 2, 5)",3,Estruturação,INOVADOR
"(4, 1, 5, 3, 1)",3,Estruturação,NEUTRO
"(4, 1, 5, 3, 2)",3,Estruturação,NEUTRO
"(4, 1, 5, 3, 3)",3,Estruturação,NEUTRO
"(4, 1, 5, 3, 4)",3,Estruturação,INOVADOR
"(4, 1, 5, 3, 5)",3,Estruturação,INOVADOR
"(4, 1, 5, 4, 1)",3,Estruturação,ESTAVEL
"(4, 1, 5, 4, 2)",3,Estruturação,ESTAVEL
"(4, 1, 5, 4, 3)",3,Estruturação,ESTAVEL
"(4, 1, 5, 4, 4)",3,Estruturação,ESTAVEL
"(4, 1, 5, 4, 5)",3,Estruturação,INOVADOR
"(4, 1, 5, 5, 1)",3,Estruturação,ESTAVEL
"(4, 1, 5, 5, 2)",3,Estruturação,ESTAVEL
"(4, 1, 5, 5, 3)",3,Estruturação,ESTAVEL
"(4, 1, 5, 5, 4)",3,Estruturação,ESTAVEL
"(4, 1, 5, 5, 5)",3,Estruturação,IDEAL
"(4, 2, 1, 1, 1)",3,Estruturação,NEUTRO
"(4, 2, 1, 1, 2)",3,Estruturação,NEUTRO
"(4, 2, 1, 1, 3)",3,Estruturação,NEUTRO
"(4, 2, 1, 1, 4)",3,Estruturação,NEUTRO
"(4, 2, 1, 1, 5)",3,Estruturação,NEUTRO
"(4, 2, 1, 2, 1)",3,Estruturação,NEUTRO
"(4, 2, 1, 2, 2)",3,Estruturação,NEUTRO
"(4, 2, 1, 2, 3)",3,Estruturação,NEUTRO
"(4, 2, 1, 2, 4)",3,Estruturação,NEUTRO
"(4, 2, 1, 2, 5)",3,Estruturação,NEUTRO
"(4, 2, 1, 3, 1)",3,Estruturação,NEUTRO
"(4, 2, 1, 3, 2)",3,Estruturação,NEUTRO
"(4, 2, 1, 3, 3)",3,Estruturação,NEUTRO
"(4, 2, 1, 3, 4)",3,Estruturação,NEUTRO
"(4, 2, 1, 3, 5)",3,Estruturação,NEUTRO
"(4, 2, 1, 4, 1)",3,Estruturação,NEUTRO
"(4, 2, 1, 4, 2)",3,Estruturação,NEUTRO
"(4, 2, 1, 4, 3)",3,Estruturação,NEUTRO
"(4, 2, 1, 4, 4)",3,Estruturação,ESTAVEL
"(4, 2, 1, 4, 5)",3,Estruturação,ESTAVEL
"(4, 2, 1, 5, 1)",3,Estruturação,NEUTRO
"(4, 2, 1, 5, 2)",3,Estruturação,NEUTRO
"(4, 2, 1, 5, 3)",3,Estruturação,NEUTRO
"(4, 2, 1, 5, 4)",3,Estruturação,ESTAVEL
"(4, 2, 1, 5, 5)",3,Estruturação,ESTAVEL
"(4, 2, 2, 1, 1)",3,Estruturação,NEUTRO
"(4, 2, 2, 1, 2)",3,Estruturação,NEUTRO
"(4, 2, 2, 1, 3)",3,Estruturação,NEUTRO
"(4, 2, 2, 1, 4)",3,Estruturação,NEUTRO
"(4, 2, 2, 1, 5)",3,Estruturação,NEUTRO
"(4, 2, 2, 2, 1)",3,Estruturação,NEUTRO
"(4, 2, 2, 2, 2)",3,Estruturação,NEUTRO
"(4, 2, 2, 2, 3)",3,Estruturação,NEUTRO
"(4, 2, 2, 2, 4)",3,Estruturação,NEUTRO
"(4, 2, 2, 2, 5)",3,Estruturação,NEUTRO
"(4, 2, 2, 3, 1)",3,Estruturação,NEUTRO
"(4, 2, 2, 3, 2)",3,Estruturação,NEUTRO
"(4, 2, 2, 3, 3)",3,Estruturação,NEUTRO
"(4, 2, 2, 3, 4)",3,Estruturação,NEUTRO
"(4, 2, 2, 3, 5)",3,Estruturação,NEUTRO
"(4, 2, 2, 4, 1)",3,Estruturação,NEUTRO
"(4, 2, 2, 4, 2)",3,Estruturação,NEUTRO
"(4, 2, 2, 4, 3)",3,Estruturação,NEUTRO
"(4, 2, 2, 4, 4)",3,Estruturação,ESTAVEL
"(4, 2, 2, 4, 5)",3,Estruturação,ESTAVEL
"(4, 2, 2, 5, 1)",3,Estruturação,NEUTRO
"(4, 2, 2, 5, 2)",3,Estruturação,NEUTRO
"(4, 2, 2, 5, 3)",3,Estruturação,NEUTRO
"(4, 2, 2, 5, 4)",3,Estruturação,ESTAVEL
"(4, 2, 2, 5, 5)",3,Estruturação,ESTAVEL
"(4, 2, 3, 1, 1)",3,Estruturação,NEUTRO
"(4, 2, 3, 1, 2)",3,Estruturação,NEUTRO
"(4, 2, 3, 1, 3)",3,Estruturação,NEUTRO
"(4, 2, 3, 1, 4)",3,Estruturação,NEUTRO
"(4, 2, 3, 1, 5)",3,Estruturação,NEUTRO
"(4, 2, 3, 2, 1)",3,Estruturação,NEUTRO
"(4, 2, 3, 2, 2)",3,Estruturação,NEUTRO
"(4, 2, 3, 2, 3)",3,Estruturação,NEUTRO
"(4, 2, 3, 2, 4)",3,Estruturação,NEUTRO
"(4, 2, 3, 2, 5)",3,Estruturação,NEUTRO
"(4, 2, 3, 3, 1)",3,Estruturação,NEUTRO
"(4, 2, 3, 3, 2)",3,Estruturação,NEUTRO
"(4, 2, 3, 3, 3)",3,Estruturação,NEUTRO
"(4, 2, 3, 3, 4)",3,Estruturação,NEUTRO
"(4, 2, 3, 3, 5)",3,Estruturação,NEUTRO
"(4, 2, 3, 4, 1)",3,Estruturação,NEUTRO
"(4, 2, 3, 4, 2)",3,Estruturação,NEUTRO
"(4, 2, 3, 4, 3)",3,Estruturação,NEUTRO
"(4, 2, 3, 4, 4)",3,Estruturação,ESTAVEL
"(4, 2, 3, 4, 5)",3,Estruturação,ESTAVEL
"(4, 2, 3, 5, 1)",3,Estruturação,NEUTRO
"(4, 2, 3, 5, 2)",3,Estruturação,NEUTRO
"(4, 2, 3, 5, 3)",3,Estruturação,NEUTRO
"(4, 2, 3, 5, 4)",3,Estruturação,ESTAVEL
"(4, 2, 3, 5, 5)",3,Estruturação,ESTAVEL
"(4, 2, 4, 1, 1)",3,Estruturação,NEUTRO
"(4, 2, 4, 1, 2)",3,Estruturação,NEUTRO
"(4, 2, 4, 1, 3)",3,Estruturação,NEUTRO
"(4, 2, 4, 1, 4)",3,Estruturação,ESTAVEL
"(4, 2, 4, 1, 5)",3,Estruturação,INOVADOR
"(4, 2, 4, 2, 1)",3,Estruturação,NEUTRO
"(4, 2, 4, 2, 2)",3,Estruturação,NEUTRO
"(4, 2, 4, 2, 3)",3,Estruturação,NEUTRO
"(4, 2, 4, 2, 4)",3,Estruturação,ESTAVEL
"(4, 2, 4, 2, 5)",3,Estruturação,INOVADOR
"(4, 2, 4, 3, 1)",3,Estruturação,NEUTRO
"(4, 2, 4, 3, 2)",3,Estruturação,NEUTRO
"(4, 2, 4, 3, 3)",3,Estruturação,NEUTRO
"(4, 2, 4, 3, 4)",3,Estruturação,ESTAVEL
"(4, 2, 4, 3, 5)",3,Estruturação,INOVADOR
"(4, 2, 4, 4, 1)",3,Estruturação,ESTAVEL
"(4, 2, 4, 4, 2)",3,Estruturação,ESTAVEL
"(4, 2, 4, 4, 3)",3,Estruturação,ESTAVEL
"(4, 2, 4, 4, 4)",3,Estruturação,ESTAVEL
"(4, 2, 4, 4, 5)",3,Estruturação,ESTAVEL
"(4, 2, 4, 5, 1)",3,Estruturação,ESTAVEL
"(4, 2, 4, 5, 2)",3,Estruturação,ESTAVEL
"(4, 2, 4, 5, 3)",3,Estruturação,ESTAVEL
"(4, 2, 4, 5, 4)",3,Estruturação,ESTAVEL
"(4, 2, 4, 5, 5)",3,Estruturação,ESTAVEL
"(4, 2, 5, 1, 1)",3,Estruturação,NEUTRO
"(4, 2, 5, 1, 2)",3,Estruturação,NEUTRO
"(4, 2, 5, 1, 3)",3,Estruturação,NEUTRO
"(4, 2, 5, 1, 4)",3,Estruturação,INOVADOR
"(4, 2, 5, 1, 5)",3,Estruturação,INOVADOR
"(4, 2, 5, 2, 1)",3,Estruturação,NEUTRO
"(4, 2, 5, 2, 2)",3,Estruturação,NEUTRO
"(4, 2, 5, 2, 3)",3,Estruturação,NEUTRO
"(4, 2, 5, 2, 4)",3,Estruturação,INOVADOR
"(4, 2, 5, 2, 5)",3,Estruturação,INOVADOR
"(4, 2, 5, 3, 1)",3,Estruturação,NEUTRO
"(4, 2, 5, 3, 2)",3,Estruturação,NEUTRO
"(4, 2, 5, 3, 3)",3,Estruturação,NEUTRO
"(4, 2, 5, 3, 4)",3,Estruturação,INOVADOR
"(4, 2, 5, 3, 5)",3,Estruturação,INOVADOR
"(4, 2, 5, 4, 1)",3,Estruturação,ESTAVEL
"(4, 2, 5, 4, 2)",3,Estruturação,ESTAVEL
"(4, 2, 5, 4, 3)",3,Estruturação,ESTAVEL
"(4, 2, 5, 4, 4)",3,Estruturação,ESTAVEL
"(4, 2, 5, 4, 5)",3,Estruturação,INOVADOR
"(4, 2, 5, 5, 1)",3,Estruturação,ESTAVEL
"(4, 2, 5, 5, 2)",3,Estruturação,ESTAVEL
"(4, 2, 5, 5, 3)",3,Estruturação,ESTAVEL
"(4, 2, 5, 5, 4)",3,Estruturação,ESTAVEL
"(4, 2, 5, 5, 5)",3,Estruturação,IDEAL
"(4, 3, 1, 1, 1)",3,Estruturação,NEUTRO
"(4, 3, 1, 1, 2)",3,Estruturação,NEUTRO
"(4, 3, 1, 1, 3)",3,Estruturação,NEUTRO
"(4, 3, 1, 1, 4)",3,Estruturação,NEUTRO
"(4, 3, 1, 1, 5)",3,Estruturação,NEUTRO
"(4, 3, 1, 2, 1)",3,Estruturação,NEUTRO
"(4, 3, 1, 2, 2)",3,Estruturação,NEUTRO
"(4, 3, 1, 2, 3)",3,Estruturação,NEUTRO
"(4, 3, 1, 2, 4)",3,Estruturação,NEUTRO
"(4, 3, 1, 2, 5)",3,Estruturação,NEUTRO
"(4, 3, 1, 3, 1)",3,Estruturação,NEUTRO
"(4, 3, 1, 3, 2)",3,Estruturação,NEUTRO
"(4, 3, 1, 3, 3)",3,Estruturação,NEUTRO
"(4, 3, 1, 3, 4)",3,Estruturação,NEUTRO
"(4, 3, 1, 3, 5)",3,Estruturação,NEUTRO
"(4, 3, 1, 4, 1)",3,Estruturação,NEUTRO
"(4, 3, 1, 4, 2)",3,Estruturação,NEUTRO
"(4, 3, 1, 4, 3)",3,Estruturação,NEUTRO
"(4, 3, 1, 4, 4)",3,Estruturação,ESTAVEL
"(4, 3, 1, 4, 5)",3,Estruturação,ESTAVEL
"(4, 3, 1, 5, 1)",3,Estruturação,NEUTRO
"(4, 3, 1, 5, 2)",3,Estruturação,NEUTRO
"(4, 3, 1, 5, 3)",3,Estruturação,NEUTRO
"(4, 3, 1, 5, 4)",3,Estruturação,ESTAVEL
"(4, 3, 1, 5, 5)",3,Estruturação,ESTAVEL
"(4, 3, 2, 1, 1)",3,Estruturação,NEUTRO
"(4, 3, 2, 1, 2)",3,Estruturação,NEUTRO
"(4, 3, 2, 1, 3)",3,Estruturação,NEUTRO
"(4, 3, 2, 1, 4)",3,Estruturação,NEUTRO
"(4, 3, 2, 1, 5)",3,Estruturação,NEUTRO
"(4, 3, 2, 2, 1)",3,Estruturação,NEUTRO
"(4, 3, 2, 2, 2)",3,Estruturação,NEUTRO
"(4, 3, 2, 2, 3)",3,Estruturação,NEUTRO
"(4, 3, 2, 2, 4)",3,Estruturação,NEUTRO
"(4, 3, 2, 2, 5)",3,Estruturação,NEUTRO
"(4, 3, 2, 3, 1)",3,Estruturação,NEUTRO
"(4, 3, 2, 3, 2)",3,Estruturação,NEUTRO
"(4, 3, 2, 3, 3)",3,Estruturação,NEUTRO
"(4, 3, 2, 3, 4)",3,Estruturação,NEUTRO
"(4, 3, 2, 3, 5)",3,Estruturação,NEUTRO
"(4, 3, 2, 4, 1)",3,Estruturação,NEUTRO
"(4, 3, 2, 4, 2)",3,Estruturação,NEUTRO
"(4, 3, 2, 4, 3)",3,Estruturação,NEUTRO
"(4, 3, 2, 4, 4)",3,Estruturação,ESTAVEL
"(4, 3, 2, 4, 5)",3,Estruturação,ESTAVEL
"(4, 3, 2, 5, 1)",3,Estruturação,NEUTRO
"(4, 3, 2, 5, 2)",3,Estruturação,NEUTRO
"(4, 3, 2, 5, 3)",3,Estruturação,NEUTRO
"(4, 3, 2, 5, 4)",3,Estruturação,ESTAVEL
"(4, 3, 2, 5, 5)",3,Estruturação,ESTAVEL
"(4, 3, 3, 1, 1)",3,Estruturação,NEUTRO
"(4, 3, 3, 1, 2)",3,Estruturação,NEUTRO
"(4, 3, 3, 1, 3)",3,Estruturação,NEUTRO
"(4, 3, 3, 1, 4)",3,Estruturação,NEUTRO
"(4, 3, 3, 1, 5)",3,Estruturação,NEUTRO
"(4, 3, 3, 2, 1)",3,Estruturação,NEUTRO
"(4, 3, 3, 2, 2)",3,Estruturação,NEUTRO
"(4, 3, 3, 2, 3)",3,Estruturação,NEUTRO
"(4, 3, 3, 2, 4)",3,Estruturação,NEUTRO
"(4, 3, 3, 2, 5)",3,Estruturação,NEUTRO
"(4, 3, 3, 3, 1)",3,Estruturação,NEUTRO
"(4, 3, 3, 3, 2)",3,Estruturação,NEUTRO
"(4, 3, 3, 3, 3)",3,Estruturação,NEUTRO
"(4, 3, 3, 3, 4)",3,Estruturação,NEUTRO
"(4, 3, 3, 3, 5)",3,Estruturação,NEUTRO
"(4, 3, 3, 4, 1)",3,Estruturação,NEUTRO
"(4, 3, 3, 4, 2)",3,Estruturação,NEUTRO
"(4, 3, 3, 4, 3)",3,Estruturação,NEUTRO
"(4, 3, 3, 4, 4)",3,Estruturação,ESTAVEL
"(4, 3, 3, 4, 5)",3,Estruturação,ESTAVEL
"(4, 3, 3, 5, 1)",3,Estruturação,NEUTRO
"(4, 3, 3, 5, 2)",3,Estruturação,NEUTRO
"(4, 3, 3, 5, 3)",3,Estruturação,NEUTRO
"(4, 3, 3, 5, 4)",3,Estruturação,ESTAVEL
"(4, 3, 3, 5, 5)",3,Estruturação,ESTAVEL
"(4, 3, 4, 1, 1)",3,Estruturação,NEUTRO
"(4, 3, 4, 1, 2)",3,Estruturação,NEUTRO
"(4, 3, 4, 1, 3)",3,Estruturação,NEUTRO
"(4, 3, 4, 1, 4)",3,Estruturação,ESTAVEL
"(4, 3, 4, 1, 5)",3,Estruturação,INOVADOR
"(4, 3, 4, 2, 1)",3,Estruturação,NEUTRO
"(4, 3, 4, 2, 2)",3,Estruturação,NEUTRO
"(4, 3, 4, 2, 3)",3,Estruturação,NEUTRO
"(4, 3, 4, 2, 4)",3,Estruturação,ESTAVEL
"(4, 3, 4, 2, 5)",3,Estruturação,INOVADOR
"(4, 3, 4, 3, 1)",3,Estruturação,NEUTRO
"(4, 3, 4, 3, 2)",3,Estruturação,NEUTRO
"(4, 3, 4, 3, 3)",3,Estruturação,NEUTRO
"(4, 3, 4, 3, 4)",3,Estruturação,ESTAVEL
"(4, 3, 4, 3, 5)",3,Estruturação,INOVADOR
"(4, 3, 4, 4, 1)",3,Estruturação,ESTAVEL
"(4, 3, 4, 4, 2)",3,Estruturação,ESTAVEL
"(4, 3, 4, 4, 3)",3,Estruturação,ESTAVEL
"(4, 3, 4, 4, 4)",3,Estruturação,ESTAVEL
"(4, 3, 4, 4, 5)",3,Estruturação,ESTAVEL
"(4, 3, 4, 5, 1)",3,Estruturação,ESTAVEL
"(4, 3, 4, 5, 2)",3,Estruturação,ESTAVEL
"(4, 3, 4, 5, 3)",3,Estruturação,ESTAVEL
"(4, 3, 4, 5, 4)",3,Estruturação,ESTAVEL
"(4, 3, 4, 5, 5)",3,Estruturação,ESTAVEL
"(4, 3, 5, 1, 1)",3,Estruturação,NEUTRO
"(4, 3, 5, 1, 2)",3,Estruturação,NEUTRO
"(4, 3, 5, 1, 3)",3,Estruturação,NEUTRO
"(4, 3, 5, 1, 4)",3,Estruturação,INOVADOR
"(4, 3, 5, 1, 5)",3,Estruturação,INOVADOR
"(4, 3, 5, 2, 1)",3,Estruturação,NEUTRO
"(4, 3, 5, 2, 2)",3,Estruturação,NEUTRO
"(4, 3, 5, 2, 3)",3,Estruturação,NEUTRO
"(4, 3, 5, 2, 4)",3,Estruturação,INOVADOR
"(4, 3, 5, 2, 5)",3,Estruturação,INOVADOR
"(4, 3, 5, 3, 1)",3,Estruturação,NEUTRO
"(4, 3, 5, 3, 2)",3,Estruturação,NEUTRO
"(4, 3, 5, 3, 3)",3,Estruturação,NEUTRO
"(4, 3, 5, 3, 4)",3,Estruturação,INOVADOR
"(4, 3, 5, 3, 5)",3,Estruturação,INOVADOR
"(4, 3, 5, 4, 1)",3,Estruturação,ESTAVEL
"(4, 3, 5, 4, 2)",3,Estruturação,ESTAVEL
"(4, 3, 5, 4, 3)",3,Estruturação,ESTAVEL
"(4, 3, 5, 4, 4)",3,Estruturação,ESTAVEL
"(4, 3, 5, 4, 5)",3,Estruturação,INOVADOR
"(4, 3, 5, 5, 1)",3,Estruturação,ESTAVEL
"(4, 3, 5, 5, 2)",3,Estruturação,ESTAVEL
"(4, 3, 5, 5, 3)",3,Estruturação,ESTAVEL
"(4, 3, 5, 5, 4)",3,Estruturação,ESTAVEL
"(4, 3, 5, 5, 5)",3,Estruturação,IDEAL
"(4, 4, 1, 1, 1)",3,Estruturação,NEUTRO
"(4, 4, 1, 1, 2)",3,Estruturação,NEUTRO
"(4, 4, 1, 1, 3)",3,Estruturação,NEUTRO
"(4, 4, 1, 1, 4)",3,Estruturação,ESTAVEL
"(4, 4, 1, 1, 5)",3,Estruturação,ESTAVEL
"(4, 4, 1, 2, 1)",3,Estruturação,NEUTRO
"(4, 4, 1, 2, 2)",3,Estruturação,NEUTRO
"(4, 4, 1, 2, 3)",3,Estruturação,NEUTRO
"(4, 4, 1, 2, 4)",3,Estruturação,ESTAVEL
"(4, 4, 1, 2, 5)",3,Estruturação,ESTAVEL
"(4, 4, 1, 3, 1)",3,Estruturação,NEUTRO
"(4, 4, 1, 3, 2)",3,Estruturação,NEUTRO
"(4, 4, 1, 3, 3)",3,Estruturação,NEUTRO
"(4, 4, 1, 3, 4)",3,Estruturação,ESTAVEL
"(4, 4, 1, 3, 5)",3,Estruturação,ESTAVEL
"(4, 4, 1, 4, 1)",3,Estruturação,ESTAVEL
"(4, 4, 1, 4, 2)",3,Estruturação,ESTAVEL
"(4, 4, 1, 4, 3)",3,Estruturação,ESTAVEL
"(4, 4, 1, 4, 4)",3,Estruturação,ESTAVEL
"(4, 4, 1, 4, 5)",3,Estruturação,ESTAVEL
"(4, 4, 1, 5, 1)",3,Estruturação,PROCESSUAL
"(4, 4, 1, 5, 2)",3,Estruturação,PROCESSUAL
"(4, 4, 1, 5, 3)",3,Estruturação,PROCESSUAL
"(4, 4, 1, 5, 4)",3,Estruturação,ESTAVEL
"(4, 4, 1, 5, 5)",3,Estruturação,ESTAVEL
"(4, 4, 2, 1, 1)",3,Estruturação,NEUTRO
"(4, 4, 2, 1, 2)",3,Estruturação,NEUTRO
"(4, 4, 2, 1, 3)",3,Estruturação,NEUTRO
"(4, 4, 2, 1, 4)",3,Estruturação,ESTAVEL
"(4, 4, 2, 1, 5)",3,Estruturação,ESTAVEL
"(4, 4, 2, 2, 1)",3,Estruturação,NEUTRO
"(4, 4, 2, 2, 2)",3,Estruturação,NEUTRO
"(4, 4, 2, 2, 3)",3,Estruturação,NEUTRO
"(4, 4, 2, 2, 4)",3,Estruturação,ESTAVEL
"(4, 4, 2, 2, 5)",3,Estruturação,ESTAVEL
"(4, 4, 2, 3, 1)",3,Estruturação,NEUTRO
"(4, 4, 2, 3, 2)",3,Estruturação,NEUTRO
"(4, 4, 2, 3, 3)",3,Estruturação,NEUTRO
"(4, 4, 2, 3, 4)",3,Estruturação,ESTAVEL
"(4, 4, 2, 3, 5)",3,Estruturação,ESTAVEL
"(4, 4, 2, 4, 1)",3,Estruturação,ESTAVEL
"(4, 4, 2, 4, 2)",3,Estruturação,ESTAVEL
"(4, 4, 2, 4, 3)",3,Estruturação,ESTAVEL
"(4, 4, 2, 4, 4)",3,Estruturação,ESTAVEL
"(4, 4, 2, 4, 5)",3,Estruturação,ESTAVEL
"(4, 4, 2, 5, 1)",3,Estruturação,PROCESSUAL
"(4, 4, 2, 5, 2)",3,Estruturação,PROCESSUAL
"(4, 4, 2, 5, 3)",3,Estruturação,PROCESSUAL
"(4, 4, 2, 5, 4)",3,Estruturação,ESTAVEL
"(4, 4, 2, 5, 5)",3,Estruturação,ESTAVEL
"(4, 4, 3, 1, 1)",3,Estruturação,NEUTRO
"(4, 4, 3, 1, 2)",3,Estruturação,NEUTRO
"(4, 4, 3, 1, 3)",3,Estruturação,NEUTRO
"(4, 4, 3, 1, 4)",3,Estruturação,ESTAVEL
"(4, 4, 3, 1, 5)",3,Estruturação,ESTAVEL
"(4, 4, 3, 2, 1)",3,Estruturação,NEUTRO
"(4, 4, 3, 2, 2)",3,Estruturação,NEUTRO
"(4, 4, 3, 2, 3)",3,Estruturação,NEUTRO
"(4, 4, 3, 2, 4)",3,Estruturação,ESTAVEL
"(4, 4, 3, 2, 5)",3,Estruturação,ESTAVEL
"(4, 4, 3, 3, 1)",3,Estruturação,NEUTRO
"(4, 4, 3, 3, 2)",3,Estruturação,NEUTRO
"(4, 4, 3, 3, 3)",3,Estruturação,NEUTRO
"(4, 4, 3, 3, 4)",3,Estruturação,ESTAVEL
"(4, 4, 3, 3, 5)",3,Estruturação,ESTAVEL
"(4, 4, 3, 4, 1)",3,Estruturação,ESTAVEL
"(4, 4, 3, 4, 2)",3,Estruturação,ESTAVEL
"(4, 4, 3, 4, 3)",3,Estruturação,ESTAVEL
"(4, 4, 3, 4, 4)",3,Estruturação,ESTAVEL
"(4, 4, 3, 4, 5)",3,Estruturação,ESTAVEL
"(4, 4, 3, 5, 1)",3,Estruturação,PROCESSUAL
"(4, 4, 3, 5, 2)",3,Estruturação,PROCESSUAL
"(4, 4, 3, 5, 3)",3,Estruturação,PROCESSUAL
"(4, 4, 3, 5, 4)",3,Estruturação,ESTAVEL
"(4, 4, 3, 5, 5)",3,Estruturação,ESTAVEL
"(4, 4, 4, 1, 1)",3,Estruturação,ESTAVEL
"(4, 4, 4, 1, 2)",3,Estruturação,ESTAVEL
"(4, 4, 4, 1, 3)",3,Estruturação,ESTAVEL
"(4, 4, 4, 1, 4)",3,Estruturação,ESTAVEL
"(4, 4, 4, 1, 5)",3,Estruturação,ESTAVEL
"(4, 4, 4, 2, 1)",3,Estruturação,ESTAVEL
"(4, 4, 4, 2, 2)",3,Estruturação,ESTAVEL
"(4, 4, 4, 2, 3)",3,Estruturação,ESTAVEL
"(4, 4, 4, 2, 4)",3,Estruturação,ESTAVEL
"(4, 4, 4, 2, 5)",3,Estruturação,ESTAVEL
"(4, 4, 4, 3, 1)",3,Estruturação,ESTAVEL
"(4, 4, 4, 3, 2)",3,Estruturação,ESTAVEL
"(4, 4, 4, 3, 3)",3,Estruturação,ESTAVEL
"(4, 4, 4, 3, 4)",3,Estruturação,ESTAVEL
"(4, 4, 4, 3, 5)",3,Estruturação,ESTAVEL
"(4, 4, 4, 4, 1)",3,Estruturação,ESTAVEL
"(4, 4, 4, 4, 2)",3,Estruturação,ESTAVEL
"(4, 4, 4, 4, 3)",3,Estruturação,ESTAVEL
"(4, 4, 4, 4, 4)",3,Estruturação,ESTAVEL
"(4, 4, 4, 4, 5)",3,Estruturação,ESTAVEL
"(4, 4, 4, 5, 1)",3,Estruturação,ESTAVEL
"(4, 4, 4, 5, 2)",3,Estruturação,ESTAVEL
"(4, 4, 4, 5, 3)",3,Estruturação,ESTAVEL
"(4, 4, 4, 5, 4)",3,Estruturação,ESTAVEL
"(4, 4, 4, 5, 5)",3,Estruturação,ESTAVEL
"(4, 4, 5, 1, 1)",3,Estruturação,ESTAVEL
"(4, 4, 5, 1, 2)",3,Estruturação,ESTAVEL
"(4, 4, 5, 1, 3)",3,Estruturação,ESTAVEL
"(4, 4, 5, 1, 4)",3,Estruturação,ESTAVEL
"(4, 4, 5, 1, 5)",3,Estruturação,INOVADOR
"(4, 4, 5, 2, 1)",3,Estruturação,ESTAVEL
"(4, 4, 5, 2, 2)",3,Estruturação,ESTAVEL
"(4, 4, 5, 2, 3)",3,Estruturação,ESTAVEL
"(4, 4, 5, 2, 4)",3,Estruturação,ESTAVEL
"(4, 4, 5, 2, 5)",3,Estruturação,INOVADOR
"(4, 4, 5, 3, 1)",3,Estruturação,ESTAVEL
"(4, 4, 5, 3, 2)",3,Estruturação,ESTAVEL
"(4, 4, 5, 3, 3)",3,Estruturação,ESTAVEL
"(4, 4, 5, 3, 4)",3,Estruturação,ESTAVEL
"(4, 4, 5, 3, 5)",3,Estruturação,INOVADOR
"(4, 4, 5, 4, 1)",3,Estruturação,ESTAVEL
"(4, 4, 5, 4, 2)",3,Estruturação,ESTAVEL
"(4, 4, 5, 4, 3)",3,Estruturação,ESTAVEL
"(4, 4, 5, 4, 4)",3,Estruturação,ESTAVEL
"(4, 4, 5, 4, 5)",3,Estruturação,ESTAVEL
"(4, 4, 5, 5, 1)",3,Estruturação,ESTAVEL
"(4, 4, 5, 5, 2)",3,Estruturação,ESTAVEL
"(4, 4, 5, 5, 3)",3,Estruturação,ESTAVEL
"(4, 4, 5, 5, 4)",3,Estruturação,ESTAVEL
"(4, 4, 5, 5, 5)",4,Coexistência,IDEAL
"(4, 5, 1, 1, 1)",3,Estruturação,NEUTRO
"(4, 5, 1, 1, 2)",3,Estruturação,NEUTRO
"(4, 5, 1, 1, 3)",3,Estruturação,NEUTRO
"(4, 5, 1, 1, 4)",3,Estruturação,ESTAVEL
"(4, 5, 1, 1, 5)",3,Estruturação,ESTAVEL
"(4, 5, 1, 2, 1)",3,Estruturação,NEUTRO
"(4, 5, 1, 2, 2)",3,Estruturação,NEUTRO
"(4, 5, 1, 2, 3)",3,Estruturação,NEUTRO
"(4, 5, 1, 2, 4)",3,Estruturação,ESTAVEL
"(4, 5, 1, 2, 5)",3,Estruturação,ESTAVEL
"(4, 5, 1, 3, 1)",3,Estruturação,NEUTRO
"(4, 5, 1, 3, 2)",3,Estruturação,NEUTRO
"(4, 5, 1, 3, 3)",3,Estruturação,NEUTRO
"(4, 5, 1, 3, 4)",3,Estruturação,ESTAVEL
"(4, 5, 1, 3, 5)",3,Estruturação,ESTAVEL
"(4, 5, 1, 4, 1)",3,Estruturação,PROCESSUAL
"(4, 5, 1, 4, 2)",3,Estruturação,PROCESSUAL
"(4, 5, 1, 4, 3)",3,Estruturação,PROCESSUAL
"(4, 5, 1, 4, 4)",3,Estruturação,ESTAVEL
"(4, 5, 1, 4, 5)",3,Estruturação,ESTAVEL
"(4, 5, 1, 5, 1)",3,Estruturação,PROCESSUAL
"(4, 5, 1, 5, 2)",3,Estruturação,PROCESSUAL
"(4, 5, 1, 5, 3)",3,Estruturação,PROCESSUAL
"(4, 5, 1, 5, 4)",3,Estruturação,PROCESSUAL
"(4, 5, 1, 5, 5)",3,Estruturação,IDEAL
"(4, 5, 2, 1, 1)",3,Estruturação,NEUTRO
"(4, 5, 2, 1, 2)",3,Estruturação,NEUTRO
"(4, 5, 2, 1, 3)",3,Estruturação,NEUTRO
"(4, 5, 2, 1, 4)",3,Estruturação,ESTAVEL
"(4, 5, 2, 1, 5)",3,Estruturação,ESTAVEL
"(4, 5, 2, 2, 1)",3,Estruturação,NEUTRO
"(4, 5, 2, 2, 2)",3,Estruturação,NEUTRO
"(4, 5, 2, 2, 3)",3,Estruturação,NEUTRO
"(4, 5, 2, 2, 4)",3,Estruturação,ESTAVEL
"(4, 5, 2, 2, 5)",3,Estruturação,ESTAVEL
"(4, 5, 2, 3, 1)",3,Estruturação,NEUTRO
"(4, 5, 2, 3, 2)",3,Estruturação,NEUTRO
"(4, 5, 2, 3, 3)",3,Estruturação,NEUTRO
"(4, 5, 2, 3, 4)",3,Estruturação,ESTAVEL
"(4, 5, 2, 3, 5)",3,Estruturação,ESTAVEL
"(4, 5, 2, 4, 1)",3,Estruturação,PROCESSUAL
"(4, 5, 2, 4, 2)",3,Estruturação,PROCESSUAL
"(4, 5, 2, 4, 3)",3,Estruturação,PROCESSUAL
"(4, 5, 2, 4, 4)",3,Estruturação,ESTAVEL
"(4, 5, 2, 4, 5)",3,Estruturação,ESTAVEL
"(4, 5, 2, 5, 1)",3,Estruturação,PROCESSUAL
"(4, 5, 2, 5, 2)",3,Estruturação,PROCESSUAL
"(4, 5, 2, 5, 3)",3,Estruturação,PROCESSUAL
"(4, 5, 2, 5, 4)",3,Estruturação,PROCESSUAL
"(4, 5, 2, 5, 5)",3,Estruturação,IDEAL
"(4, 5, 3, 1, 1)",3,Estruturação,NEUTRO
"(4, 5, 3, 1, 2)",3,Estruturação,NEUTRO
"(4, 5, 3, 1, 3)",3,Estruturação,NEUTRO
"(4, 5, 3, 1, 4)",3,Estruturação,ESTAVEL
"(4, 5, 3, 1, 5)",3,Estruturação,ESTAVEL
"(4, 5, 3, 2, 1)",3,Estruturação,NEUTRO
"(4, 5, 3, 2, 2)",3,Estruturação,NEUTRO
"(4, 5, 3, 2, 3)",3,Estruturação,NEUTRO
"(4, 5, 3, 2, 4)",3,Estruturação,ESTAVEL
"(4, 5, 3, 2, 5)",3,Estruturação,ESTAVEL
"(4, 5, 3, 3, 1)",3,Estruturação,NEUTRO
"(4, 5, 3, 3, 2)",3,Estruturação,NEUTRO
"(4, 5, 3, 3, 3)",3,Estruturação,NEUTRO
"(4, 5, 3, 3, 4)",3,Estruturação,ESTAVEL
"(4, 5, 3, 3, 5)",3,Estruturação,ESTAVEL
"(4, 5, 3, 4, 1)",3,Estruturação,PROCESSUAL
"(4, 5, 3, 4, 2)",3,Estruturação,PROCESSUAL
"(4, 5, 3, 4, 3)",3,Estruturação,PROCESSUAL
"(4, 5, 3, 4, 4)",3,Estruturação,ESTAVEL
"(4, 5, 3, 4, 5)",3,Estruturação,ESTAVEL
"(4, 5, 3, 5, 1)",3,Estruturação,PROCESSUAL
"(4, 5, 3, 5, 2)",3,Estruturação,PROCESSUAL
"(4, 5, 3, 5, 3)",3,Estruturação,PROCESSUAL
"(4, 5, 3, 5, 4)",3,Estruturação,PROCESSUAL
"(4, 5, 3, 5, 5)",3,Estruturação,IDEAL
"(4, 5, 4, 1, 1)",3,Estruturação,ESTAVEL
"(4, 5, 4, 1, 2)",3,Estruturação,ESTAVEL
"(4, 5, 4, 1, 3)",3,Estruturação,ESTAVEL
"(4, 5, 4, 1, 4)",3,Estruturação,ESTAVEL
"(4, 5, 4, 1, 5)",3,Estruturação,ESTAVEL
"(4, 5, 4, 2, 1)",3,Estruturação,ESTAVEL
"(4, 5, 4, 2, 2)",3,Estruturação,ESTAVEL
"(4, 5, 4, 2, 3)",3,Estruturação,ESTAVEL
"(4, 5, 4, 2, 4)",3,Estruturação,ESTAVEL
"(4, 5, 4, 2, 5)",3,Estruturação,ESTAVEL
"(4, 5, 4, 3, 1)",3,Estruturação,ESTAVEL
"(4, 5, 4, 3, 2)",3,Estruturação,ESTAVEL
"(4, 5, 4, 3, 3)",3,Estruturação,ESTAVEL
"(4, 5, 4, 3, 4)",3,Estruturação,ESTAVEL
"(4, 5, 4, 3, 5)",3,Estruturação,ESTAVEL
"(4, 5, 4, 4, 1)",3,Estruturação,ESTAVEL
"(4, 5, 4, 4, 2)",3,Estruturação,ESTAVEL
"(4, 5, 4, 4, 3)",3,Estruturação,ESTAVEL
"(4, 5, 4, 4, 4)",3,Estruturação,ESTAVEL
"(4, 5, 4, 4, 5)",3,Estruturação,ESTAVEL
"(4, 5, 4, 5, 1)",3,Estruturação,PROCESSUAL
"(4, 5, 4, 5, 2)",3,Estruturação,PROCESSUAL
"(4, 5, 4, 5, 3)",3,Estruturação,PROCESSUAL
"(4, 5, 4, 5, 4)",3,Estruturação,ESTAVEL
"(4, 5, 4, 5, 5)",3,Estruturação,IDEAL
"(4, 5, 5, 1, 1)",3,Estruturação,ESTAVEL
"(4, 5, 5, 1, 2)",3,Estruturação,ESTAVEL
"(4, 5, 5, 1, 3)",3,Estruturação,ESTAVEL
"(4, 5, 5, 1, 4)",3,Estruturação,ESTAVEL
"(4, 5, 5, 1, 5)",3,Estruturação,IDEAL
"(4, 5, 5, 2, 1)",3,Estruturação,ESTAVEL
"(4, 5, 5, 2, 2)",3,Estruturação,ESTAVEL
"(4, 5, 5, 2, 3)",3,Estruturação,ESTAVEL
"(4, 5, 5, 2, 4)",3,Estruturação,ESTAVEL
"(4, 5, 5, 2, 5)",3,Estruturação,IDEAL
"(4, 5, 5, 3, 1)",3,Estruturação,ESTAVEL
"(4, 5, 5, 3, 2)",3,Estruturação,ESTAVEL
"(4, 5, 5, 3, 3)",3,Estruturação,ESTAVEL
"(4, 5, 5, 3, 4)",3,Estruturação,ESTAVEL
"(4, 5, 5, 3, 5)",3,Estruturação,IDEAL
"(4, 5, 5, 4, 1)",3,Estruturação,ESTAVEL
"(4, 5, 5, 4, 2)",3,Estruturação,ESTAVEL
"(4, 5, 5, 4, 3)",3,Estruturação,ESTAVEL
"(4, 5, 5, 4, 4)",3,Estruturação,ESTAVEL
"(4, 5, 5, 4, 5)",4,Coexistência,IDEAL
"(4, 5, 5, 5, 1)",3,Estruturação,IDEAL
"(4, 5, 5, 5, 2)",3,Estruturação,IDEAL
"(4, 5, 5, 5, 3)",3,Estruturação,IDEAL
"(4, 5, 5, 5, 4)",3,Estruturação,IDEAL
"(4, 5, 5, 5, 5)",4,Coexistência,IDEAL
"(5, 1, 1, 1, 1)",3,Estruturação,NEUTRO
"(5, 1, 1, 1, 2)",3,Estruturação,NEUTRO
"(5, 1, 1, 1, 3)",3,Estruturação,NEUTRO
"(5, 1, 1, 1, 4)",3,Estruturação,NEUTRO
"(5, 1, 1, 1, 5)",3,Estruturação,INOVADOR
"(5, 1, 1, 2, 1)",3,Estruturação,NEUTRO
"(5, 1, 1, 2, 2)",3,Estruturação,NEUTRO
"(5, 1, 1, 2, 3)",3,Estruturação,NEUTRO
"(5, 1, 1, 2, 4)",3,Estruturação,NEUTRO
"(5, 1, 1, 2, 5)",3,Estruturação,INOVADOR
"(5, 1, 1, 3, 1)",3,Estruturação,NEUTRO
"(5, 1, 1, 3, 2)",3,Estruturação,NEUTRO
"(5, 1, 1, 3, 3)",3,Estruturação,NEUTRO
"(5, 1, 1, 3, 4)",3,Estruturação,NEUTRO
"(5, 1, 1, 3, 5)",3,Estruturação,INOVADOR
"(5, 1, 1, 4, 1)",3,Estruturação,NEUTRO
"(5, 1, 1, 4, 2)",3,Estruturação,NEUTRO
"(5, 1, 1, 4, 3)",3,Estruturação,NEUTRO
"(5, 1, 1, 4, 4)",3,Estruturação,ESTAVEL
"(5, 1, 1, 4, 5)",3,Estruturação,INOVADOR
"(5, 1, 1, 5, 1)",3,Estruturação,NEUTRO
"(5, 1, 1, 5, 2)",3,Estruturação,NEUTRO
"(5, 1, 1, 5, 3)",3,Estruturação,NEUTRO
"(5, 1, 1, 5, 4)",3,Estruturação,ESTAVEL
"(5, 1, 1, 5, 5)",3,Estruturação,IDEAL
"(5, 1, 2, 1, 1)",3,Estruturação,NEUTRO
"(5, 1, 2, 1, 2)",3,Estruturação,NEUTRO
"(5, 1, 2, 1, 3)",3,Estruturação,NEUTRO
"(5, 1, 2, 1, 4)",3,Estruturação,NEUTRO
"(5, 1, 2, 1, 5)",3,Estruturação,INOVADOR
"(5, 1, 2, 2, 1)",3,Estruturação,NEUTRO
"(5, 1, 2, 2, 2)",3,Estruturação,NEUTRO
"(5, 1, 2, 2, 3)",3,Estruturação,NEUTRO
"(5, 1, 2, 2, 4)",3,Estruturação,NEUTRO
"(5, 1, 2, 2, 5)",3,Estruturação,INOVADOR
"(5, 1, 2, 3, 1)",3,Estruturação,NEUTRO
"(5, 1, 2, 3, 2)",3,Estruturação,NEUTRO
"(5, 1, 2, 3, 3)",3,Estruturação,NEUTRO
"(5, 1, 2, 3, 4)",3,Estruturação,NEUTRO
"(5, 1, 2, 3, 5)",3,Estruturação,INOVADOR
"(5, 1, 2, 4, 1)",3,Estruturação,NEUTRO
"(5, 1, 2, 4, 2)",3,Estruturação,NEUTRO
"(5, 1, 2, 4, 3)",3,Estruturação,NEUTRO
"(5, 1, 2, 4, 4)",3,Estruturação,ESTAVEL
"(5, 1, 2, 4, 5)",3,Estruturação,INOVADOR
"(5, 1, 2, 5, 1)",3,Estruturação,NEUTRO
"(5, 1, 2, 5, 2)",3,Estruturação,NEUTRO
"(5, 1, 2, 5, 3)",3,Estruturação,NEUTRO
"(5, 1, 2, 5, 4)",3,Estruturação,ESTAVEL
"(5, 1, 2, 5, 5)",3,Estruturação,IDEAL
"(5, 1, 3, 1, 1)",3,Estruturação,NEUTRO
"(5, 1, 3, 1, 2)",3,Estruturação,NEUTRO
"(5, 1, 3, 1, 3)",3,Estruturação,NEUTRO
"(5, 1, 3, 1, 4)",3,Estruturação,NEUTRO
"(5, 1, 3, 1, 5)",3,Estruturação,INOVADOR
"(5, 1, 3, 2, 1)",3,Estruturação,NEUTRO
"(5, 1, 3, 2, 2)",3,Estruturação,NEUTRO
"(5, 1, 3, 2, 3)",3,Estruturação,NEUTRO
"(5, 1, 3, 2, 4)",3,Estruturação,NEUTRO
"(5, 1, 3, 2, 5)",3,Estruturação,INOVADOR
"(5, 1, 3, 3, 1)",3,Estruturação,NEUTRO
"(5, 1, 3, 3, 2)",3,Estruturação,NEUTRO
"(5, 1, 3, 3, 3)",3,Estruturação,NEUTRO
"(5, 1, 3, 3, 4)",3,Estruturação,NEUTRO
"(5, 1, 3, 3, 5)",3,Estruturação,INOVADOR
"(5, 1, 3, 4, 1)",3,Estruturação,NEUTRO
"(5, 1, 3, 4, 2)",3,Estruturação,NEUTRO
"(5, 1, 3, 4, 3)",3,Estruturação,NEUTRO
"(5, 1, 3, 4, 4)",3,Estruturação,ESTAVEL
"(5, 1, 3, 4, 5)",3,Estruturação,INOVADOR
"(5, 1, 3, 5, 1)",3,Estruturação,NEUTRO
"(5, 1, 3, 5, 2)",3,Estruturação,NEUTRO
"(5, 1, 3, 5, 3)",3,Estruturação,NEUTRO
"(5, 1, 3, 5, 4)",3,Estruturação,ESTAVEL
"(5, 1, 3, 5, 5)",3,Estruturação,IDEAL
"(5, 1, 4, 1, 1)",3,Estruturação,NEUTRO
"(5, 1, 4, 1, 2)",3,Estruturação,NEUTRO
"(5, 1, 4, 1, 3)",3,Estruturação,NEUTRO
"(5, 1, 4, 1, 4)",3,Estruturação,INOVADOR
"(5, 1, 4, 1, 5)",3,Estruturação,INOVADOR
"(5, 1, 4, 2, 1)",3,Estruturação,NEUTRO
"(5, 1, 4, 2, 2)",3,Estruturação,NEUTRO
"(5, 1, 4, 2, 3)",3,Estruturação,NEUTRO
"(5, 1, 4, 2, 4)",3,Estruturação,INOVADOR
"(5, 1, 4, 2, 5)",3,Estruturação,INOVADOR
"(5, 1, 4, 3, 1)",3,Estruturação,NEUTRO
"(5, 1, 4, 3, 2)",3,Estruturação,NEUTRO
"(5, 1, 4, 3, 3)",3,Estruturação,NEUTRO
"(5, 1, 4, 3, 4)",3,Estruturação,INOVADOR
"(5, 1, 4, 3, 5)",3,Estruturação,INOVADOR
"(5, 1, 4, 4, 1)",3,Estruturação,ESTAVEL
"(5, 1, 4, 4, 2)",3,Estruturação,ESTAVEL
"(5, 1, 4, 4, 3)",3,Estruturação,ESTAVEL
"(5, 1, 4, 4, 4)",3,Estruturação,ESTAVEL
"(5, 1, 4, 4, 5)",3,Estruturação,INOVADOR
"(5, 1, 4, 5, 1)",3,Estruturação,ESTAVEL
"(5, 1, 4, 5, 2)",3,Estruturação,ESTAVEL
"(5, 1, 4, 5, 3)",3,Estruturação,ESTAVEL
"(5, 1, 4, 5, 4)",3,Estruturação,ESTAVEL
"(5, 1, 4, 5, 5)",3,Estruturação,IDEAL
"(5, 1, 5, 1, 1)",3,Estruturação,INOVADOR
"(5, 1, 5, 1, 2)",3,Estruturação,INOVADOR
"(5, 1, 5, 1, 3)",3,Estruturação,INOVADOR
"(5, 1, 5, 1, 4)",3,Estruturação,INOVADOR
"(5, 1, 5, 1, 5)",3,Estruturação,INOVADOR
"(5, 1, 5, 2, 1)",3,Estruturação,INOVADOR
"(5, 1, 5, 2, 2)",3,Estruturação,INOVADOR
"(5, 1, 5, 2, 3)",3,Estruturação,INOVADOR
"(5, 1, 5, 2, 4)",3,Estruturação,INOVADOR
"(5, 1, 5, 2, 5)",3,Estruturação,INOVADOR
"(5, 1, 5, 3, 1)",3,Estruturação,INOVADOR
"(5, 1, 5, 3, 2)",3,Estruturação,INOVADOR
"(5, 1, 5, 3, 3)",3,Estruturação,INOVADOR
"(5, 1, 5, 3, 4)",3,Estruturação,INOVADOR
"(5, 1, 5, 3, 5)",3,Estruturação,INOVADOR
"(5, 1, 5, 4, 1)",3,Estruturação,INOVADOR
"(5, 1, 5, 4, 2)",3,Estruturação,INOVADOR
"(5, 1, 5, 4, 3)",3,Estruturação,INOVADOR
"(5, 1, 5, 4, 4)",3,Estruturação,INOVADOR
"(5, 1, 5, 4, 5)",3,Estruturação,INOVADOR
"(5, 1, 5, 5, 1)",3,Estruturação,IDEAL
"(5, 1, 5, 5, 2)",3,Estruturação,IDEAL
"(5, 1, 5, 5, 3)",3,Estruturação,IDEAL
"(5, 1, 5, 5, 4)",3,Estruturação,IDEAL
"(5, 1, 5, 5, 5)",4,Coexistência,IDEAL
"(5, 2, 1, 1, 1)",3,Estruturação,NEUTRO
"(5, 2, 1, 1, 2)",3,Estruturação,NEUTRO
"(5, 2, 1, 1, 3)",3,Estruturação,NEUTRO
"(5, 2, 1, 1, 4)",3,Estruturação,NEUTRO
"(5, 2, 1, 1, 5)",3,Estruturação,INOVADOR
"(5, 2, 1, 2, 1)",3,Estruturação,NEUTRO
"(5, 2, 1, 2, 2)",3,Estruturação,NEUTRO
"(5, 2, 1, 2, 3)",3,Estruturação,NEUTRO
"(5, 2, 1, 2, 4)",3,Estruturação,NEUTRO
"(5, 2, 1, 2, 5)",3,Estruturação,INOVADOR
"(5, 2, 1, 3, 1)",3,Estruturação,NEUTRO
"(5, 2, 1, 3, 2)",3,Estruturação,NEUTRO
"(5, 2, 1, 3, 3)",3,Estruturação,NEUTRO
"(5, 2, 1, 3, 4)",3,Estruturação,NEUTRO
"(5, 2, 1, 3, 5)",3,Estruturação,INOVADOR
"(5, 2, 1, 4, 1)",3,Estruturação,NEUTRO
"(5, 2, 1, 4, 2)",3,Estruturação,NEUTRO
"(5, 2, 1, 4, 3)",3,Estruturação,NEUTRO
"(5, 2, 1, 4, 4)",3,Estruturação,ESTAVEL
"(5, 2, 1, 4, 5)",3,Estruturação,INOVADOR
"(5, 2, 1, 5, 1)",3,Estruturação,NEUTRO
"(5, 2, 1, 5, 2)",3,Estruturação,NEUTRO
"(5, 2, 1, 5, 3)",3,Estruturação,NEUTRO
"(5, 2, 1, 5, 4)",3,Estruturação,ESTAVEL
"(5, 2, 1, 5, 5)",3,Estruturação,IDEAL
"(5, 2, 2, 1, 1)",3,Estruturação,NEUTRO
"(5, 2, 2, 1, 2)",3,Estruturação,NEUTRO
"(5, 2, 2, 1, 3)",3,Estruturação,NEUTRO
"(5, 2, 2, 1, 4)",3,Estruturação,NEUTRO
"(5, 2, 2, 1, 5)",3,Estruturação,INOVADOR
"(5, 2, 2, 2, 1)",3,Estruturação,NEUTRO
"(5, 2, 2, 2, 2)",3,Estruturação,NEUTRO
"(5, 2, 2, 2, 3)",3,Estruturação,NEUTRO
"(5, 2, 2, 2, 4)",3,Estruturação,NEUTRO
"(5, 2, 2, 2, 5)",3,Estruturação,INOVADOR
"(5, 2, 2, 3, 1)",3,Estruturação,NEUTRO
"(5, 2, 2, 3, 2)",3,Estruturação,NEUTRO
"(5, 2, 2, 3, 3)",3,Estruturação,NEUTRO
"(5, 2, 2, 3, 4)",3,Estruturação,NEUTRO
"(5, 2, 2, 3, 5)",3,Estruturação,INOVADOR
"(5, 2, 2, 4, 1)",3,Estruturação,NEUTRO
"(5, 2, 2, 4, 2)",3,Estruturação,NEUTRO
"(5, 2, 2, 4, 3)",3,Estruturação,NEUTRO
"(5, 2, 2, 4, 4)",3,Estruturação,ESTAVEL
"(5, 2, 2, 4, 5)",3,Estruturação,INOVADOR
"(5, 2, 2, 5, 1)",3,Estruturação,NEUTRO
"(5, 2, 2, 5, 2)",3,Estruturação,NEUTRO
"(5, 2, 2, 5, 3)",3,Estruturação,NEUTRO
"(5, 2, 2, 5, 4)",3,Estruturação,ESTAVEL
"(5, 2, 2, 5, 5)",3,Estruturação,IDEAL
"(5, 2, 3, 1, 1)",3,Estruturação,NEUTRO
"(5, 2, 3, 1, 2)",3,Estruturação,NEUTRO
"(5, 2, 3, 1, 3)",3,Estruturação,NEUTRO
"(5, 2, 3, 1, 4)",3,Estruturação,NEUTRO
"(5, 2, 3, 1, 5)",3,Estruturação,INOVADOR
"(5, 2, 3, 2, 1)",3,Estruturação,NEUTRO
"(5, 2, 3, 2, 2)",3,Estruturação,NEUTRO
"(5, 2, 3, 2, 3)",3,Estruturação,NEUTRO
"(5, 2, 3, 2, 4)",3,Estruturação,NEUTRO
"(5, 2, 3, 2, 5)",3,Estruturação,INOVADOR
"(5, 2, 3, 3, 1)",3,Estruturação,NEUTRO
"(5, 2, 3, 3, 2)",3,Estruturação,NEUTRO
"(5, 2, 3, 3, 3)",3,Estruturação,NEUTRO
"(5, 2, 3, 3, 4)",3,Estruturação,NEUTRO
"(5, 2, 3, 3, 5)",3,Estruturação,INOVADOR
"(5, 2, 3, 4, 1)",3,Estruturação,NEUTRO
"(5, 2, 3, 4, 2)",3,Estruturação,NEUTRO
"(5, 2, 3, 4, 3)",3,Estruturação,NEUTRO
"(5, 2, 3, 4, 4)",3,Estruturação,ESTAVEL
"(5, 2, 3, 4, 5)",3,Estruturação,INOVADOR
"(5, 2, 3, 5, 1)",3,Estruturação,NEUTRO
"(5, 2, 3, 5, 2)",3,Estruturação,NEUTRO
"(5, 2, 3, 5, 3)",3,Estruturação,NEUTRO
"(5, 2, 3, 5, 4)",3,Estruturação,ESTAVEL
"(5, 2, 3, 5, 5)",3,Estruturação,IDEAL
"(5, 2, 4, 1, 1)",3,Estruturação,NEUTRO
"(5, 2, 4, 1, 2)",3,Estruturação,NEUTRO
"(5, 2, 4, 1, 3)",3,Estruturação,NEUTRO
"(5, 2, 4, 1, 4)",3,Estruturação,INOVADOR
"(5, 2, 4, 1, 5)",3,Estruturação,INOVADOR
"(5, 2, 4, 2, 1)",3,Estruturação,NEUTRO
"(5, 2, 4, 2, 2)",3,Estruturação,NEUTRO
"(5, 2, 4, 2, 3)",3,Estruturação,NEUTRO
"(5, 2, 4, 2, 4)",3,Estruturação,INOVADOR
"(5, 2, 4, 2, 5)",3,Estruturação,INOVADOR
"(5, 2, 4, 3, 1)",3,Estruturação,NEUTRO
"(5, 2, 4, 3, 2)",3,Estruturação,NEUTRO
"(5, 2, 4, 3, 3)",3,Estruturação,NEUTRO
"(5, 2, 4, 3, 4)",3,Estruturação,INOVADOR
"(5, 2, 4, 3, 5)",3,Estruturação,INOVADOR
"(5, 2, 4, 4, 1)",3,Estruturação,ESTAVEL
"(5, 2, 4, 4, 2)",3,Estruturação,ESTAVEL
"(5, 2, 4, 4, 3)",3,Estruturação,ESTAVEL
"(5, 2, 4, 4, 4)",3,Estruturação,ESTAVEL
"(5, 2, 4, 4, 5)",3,Estruturação,INOVADOR
"(5, 2, 4, 5, 1)",3,Estruturação,ESTAVEL
"(5, 2, 4, 5, 2)",3,Estruturação,ESTAVEL
"(5, 2, 4, 5, 3)",3,Estruturação,ESTAVEL
"(5, 2, 4, 5, 4)",3,Estruturação,ESTAVEL
"(5, 2, 4, 5, 5)",3,Estruturação,IDEAL
"(5, 2, 5, 1, 1)",3,Estruturação,INOVADOR
"(5, 2, 5, 1, 2)",3,Estruturação,INOVADOR
"(5, 2, 5, 1, 3)",3,Estruturação,INOVADOR
"(5, 2, 5, 1, 4)",3,Estruturação,INOVADOR
"(5, 2, 5, 1, 5)",3,Estruturação,INOVADOR
"(5, 2, 5, 2, 1)",3,Estruturação,INOVADOR
"(5, 2, 5, 2, 2)",3,Estruturação,INOVADOR
"(5, 2, 5, 2, 3)",3,Estruturação,INOVADOR
"(5, 2, 5, 2, 4)",3,Estruturação,INOVADOR
"(5, 2, 5, 2, 5)",3,Estruturação,INOVADOR
"(5, 2, 5, 3, 1)",3,Estruturação,INOVADOR
"(5, 2, 5, 3, 2)",3,Estruturação,INOVADOR
"(5, 2, 5, 3, 3)",3,Estruturação,INOVADOR
"(5, 2, 5, 3, 4)",3,Estruturação,INOVADOR
"(5, 2, 5, 3, 5)",4,Coexistência,INOVADOR
"(5, 2, 5, 4, 1)",3,Estruturação,INOVADOR
"(5, 2, 5, 4, 2)",3,Estruturação,INOVADOR
"(5, 2, 5, 4, 3)",3,Estruturação,INOVADOR
"(5, 2, 5, 4, 4)",3,Estruturação,INOVADOR
"(5, 2, 5, 4, 5)",4,Coexistência,INOVADOR
"(5, 2, 5, 5, 1)",3,Estruturação,IDEAL
"(5, 2, 5, 5, 2)",3,Estruturação,IDEAL
"(5, 2, 5, 5, 3)",3,Estruturação,IDEAL
"(5, 2, 5, 5, 4)",3,Estruturação,IDEAL
"(5, 2, 5, 5, 5)",4,Coexistência,IDEAL
"(5, 3, 1, 1, 1)",3,Estruturação,NEUTRO
"(5, 3, 1, 1, 2)",3,Estruturação,NEUTRO
"(5, 3, 1, 1, 3)",3,Estruturação,NEUTRO
"(5, 3, 1, 1, 4)",3,Estruturação,NEUTRO
"(5, 3, 1, 1, 5)",3,Estruturação,INOVADOR
"(5, 3, 1, 2, 1)",3,Estruturação,NEUTRO
"(5, 3, 1, 2, 2)",3,Estruturação,NEUTRO
"(5, 3, 1, 2, 3)",3,Estruturação,NEUTRO
"(5, 3, 1, 2, 4)",3,Estruturação,NEUTRO
"(5, 3, 1, 2, 5)",3,Estruturação,INOVADOR
"(5, 3, 1, 3, 1)",3,Estruturação,NEUTRO
"(5, 3, 1, 3, 2)",3,Estruturação,NEUTRO
"(5, 3, 1, 3, 3)",3,Estruturação,NEUTRO
"(5, 3, 1, 3, 4)",3,Estruturação,NEUTRO
"(5, 3, 1, 3, 5)",3,Estruturação,INOVADOR
"(5, 3, 1, 4, 1)",3,Estruturação,NEUTRO
"(5, 3, 1, 4, 2)",3,Estruturação,NEUTRO
"(5, 3, 1, 4, 3)",3,Estruturação,NEUTRO
"(5, 3, 1, 4, 4)",3,Estruturação,ESTAVEL
"(5, 3, 1, 4, 5)",3,Estruturação,INOVADOR
"(5, 3, 1, 5, 1)",3,Estruturação,NEUTRO
"(5, 3, 1, 5, 2)",3,Estruturação,NEUTRO
"(5, 3, 1, 5, 3)",3,Estruturação,NEUTRO
"(5, 3, 1, 5, 4)",3,Estruturação,ESTAVEL
"(5, 3, 1, 5, 5)",3,Estruturação,IDEAL
"(5, 3, 2, 1, 1)",3,Estruturação,NEUTRO
"(5, 3, 2, 1, 2)",3,Estruturação,NEUTRO
"(5, 3, 2, 1, 3)",3,Estruturação,NEUTRO
"(5, 3, 2, 1, 4)",3,Estruturação,NEUTRO
"(5, 3, 2, 1, 5)",3,Estruturação,INOVADOR
"(5, 3, 2, 2, 1)",3,Estruturação,NEUTRO
"(5, 3, 2, 2, 2)",3,Estruturação,NEUTRO
"(5, 3, 2, 2, 3)",3,Estruturação,NEUTRO
"(5, 3, 2, 2, 4)",3,Estruturação,NEUTRO
"(5, 3, 2, 2, 5)",3,Estruturação,INOVADOR
"(5, 3, 2, 3, 1)",3,Estruturação,NEUTRO
"(5, 3, 2, 3, 2)",3,Estruturação,NEUTRO
"(5, 3, 2, 3, 3)",3,Estruturação,NEUTRO
"(5, 3, 2, 3, 4)",3,Estruturação,NEUTRO
"(5, 3, 2, 3, 5)",3,Estruturação,INOVADOR
"(5, 3, 2, 4, 1)",3,Estruturação,NEUTRO
"(5, 3, 2, 4, 2)",3,Estruturação,NEUTRO
"(5, 3, 2, 4, 3)",3,Estruturação,NEUTRO
"(5, 3, 2, 4, 4)",3,Estruturação,ESTAVEL
"(5, 3, 2, 4, 5)",3,Estruturação,INOVADOR
"(5, 3, 2, 5, 1)",3,Estruturação,NEUTRO
"(5, 3, 2, 5, 2)",3,Estruturação,NEUTRO
"(5, 3, 2, 5, 3)",3,Estruturação,NEUTRO
"(5, 3, 2, 5, 4)",3,Estruturação,ESTAVEL
"(5, 3, 2, 5, 5)",3,Estruturação,IDEAL
"(5, 3, 3, 1, 1)",3,Estruturação,NEUTRO
"(5, 3, 3, 1, 2)",3,Estruturação,NEUTRO
"(5, 3, 3, 1, 3)",3,Estruturação,NEUTRO
"(5, 3, 3, 1, 4)",3,Estruturação,NEUTRO
"(5, 3, 3, 1, 5)",3,Estruturação,INOVADOR
"(5, 3, 3, 2, 1)",3,Estruturação,NEUTRO
"(5, 3, 3, 2, 2)",3,Estruturação,NEUTRO
"(5, 3, 3, 2, 3)",3,Estruturação,NEUTRO
"(5, 3, 3, 2, 4)",3,Estruturação,NEUTRO
"(5, 3, 3, 2, 5)",3,Estruturação,INOVADOR
"(5, 3, 3, 3, 1)",3,Estruturação,NEUTRO
"(5, 3, 3, 3, 2)",3,Estruturação,NEUTRO
"(5, 3, 3, 3, 3)",3,Estruturação,NEUTRO
"(5, 3, 3, 3, 4)",3,Estruturação,NEUTRO
"(5, 3, 3, 3, 5)",3,Estruturação,INOVADOR
"(5, 3, 3, 4, 1)",3,Estruturação,NEUTRO
"(5, 3, 3, 4, 2)",3,Estruturação,NEUTRO
"(5, 3, 3, 4, 3)",3,Estruturação,NEUTRO
"(5, 3, 3, 4, 4)",3,Estruturação,ESTAVEL
"(5, 3, 3, 4, 5)",3,Estruturação,INOVADOR
"(5, 3, 3, 5, 1)",3,Estruturação,NEUTRO
"(5, 3, 3, 5, 2)",3,Estruturação,NEUTRO
"(5, 3, 3, 5, 3)",3,Estruturação,NEUTRO
"(5, 3, 3, 5, 4)",3,Estruturação,ESTAVEL
"(5, 3, 3, 5, 5)",3,Estruturação,IDEAL
"(5, 3, 4, 1, 1)",3,Estruturação,NEUTRO
"(5, 3, 4, 1, 2)",3,Estruturação,NEUTRO
"(5, 3, 4, 1, 3)",3,Estruturação,NEUTRO
"(5, 3, 4, 1, 4)",3,Estruturação,INOVADOR
"(5, 3, 4, 1, 5)",3,Estruturação,INOVADOR
"(5, 3, 4, 2, 1)",3,Estruturação,NEUTRO
"(5, 3, 4, 2, 2)",3,Estruturação,NEUTRO
"(5, 3, 4, 2, 3)",3,Estruturação,NEUTRO
"(5, 3, 4, 2, 4)",3,Estruturação,INOVADOR
"(5, 3, 4, 2, 5)",3,Estruturação,INOVADOR
"(5, 3, 4, 3, 1)",3,Estruturação,NEUTRO
"(5, 3, 4, 3, 2)",3,Estruturação,NEUTRO
"(5, 3, 4, 3, 3)",3,Estruturação,NEUTRO
"(5, 3, 4, 3, 4)",3,Estruturação,INOVADOR
"(5, 3, 4, 3, 5)",3,Estruturação,INOVADOR
"(5, 3, 4, 4, 1)",3,Estruturação,ESTAVEL
"(5, 3, 4, 4, 2)",3,Estruturação,ESTAVEL
"(5, 3, 4, 4, 3)",3,Estruturação,ESTAVEL
"(5, 3, 4, 4, 4)",3,Estruturação,ESTAVEL
"(5, 3, 4, 4, 5)",3,Estruturação,INOVADOR
"(5, 3, 4, 5, 1)",3,Estruturação,ESTAVEL
"(5, 3, 4, 5, 2)",3,Estruturação,ESTAVEL
"(5, 3, 4, 5, 3)",3,Estruturação,ESTAVEL
"(5, 3, 4, 5, 4)",3,Estruturação,ESTAVEL
"(5, 3, 4, 5, 5)",3,Estruturação,IDEAL
"(5, 3, 5, 1, 1)",3,Estruturação,INOVADOR
"(5, 3, 5, 1, 2)",3,Estruturação,INOVADOR
"(5, 3, 5, 1, 3)",3,Estruturação,INOVADOR
"(5, 3, 5, 1, 4)",3,Estruturação,INOVADOR
"(5, 3, 5, 1, 5)",3,Estruturação,INOVADOR
"(5, 3, 5, 2, 1)",3,Estruturação,INOVADOR
"(5, 3, 5, 2, 2)",3,Estruturação,INOVADOR
"(5, 3, 5, 2, 3)",3,Estruturação,INOVADOR
"(5, 3, 5, 2, 4)",3,Estruturação,INOVADOR
"(5, 3, 5, 2, 5)",4,Coexistência,INOVADOR
"(5, 3, 5, 3, 1)",3,Estruturação,INOVADOR
"(5, 3, 5, 3, 2)",3,Estruturação,INOVADOR
"(5, 3, 5, 3, 3)",3,Estruturação,INOVADOR
"(5, 3, 5, 3, 4)",3,Estruturação,INOVADOR
"(5, 3, 5, 3, 5)",4,Coexistência,INOVADOR
"(5, 3, 5, 4, 1)",3,Estruturação,INOVADOR
"(5, 3, 5, 4, 2)",3,Estruturação,INOVADOR
"(5, 3, 5, 4, 3)",3,Estruturação,INOVADOR
"(5, 3, 5, 4, 4)",3,Estruturação,INOVADOR
"(5, 3, 5, 4, 5)",4,Coexistência,INOVADOR
"(5, 3, 5, 5, 1)",3,Estruturação,IDEAL
"(5, 3, 5, 5, 2)",3,Estruturação,IDEAL
"(5, 3, 5, 5, 3)",3,Estruturação,IDEAL
"(5, 3, 5, 5, 4)",3,Estruturação,IDEAL
"(5, 3, 5, 5, 5)",4,Coexistência,IDEAL
"(5, 4, 1, 1, 1)",3,Estruturação,NEUTRO
"(5, 4, 1, 1, 2)",3,Estruturação,NEUTRO
"(5, 4, 1, 1, 3)",3,Estruturação,NEUTRO
"(5, 4, 1, 1, 4)",3,Estruturação,ESTAVEL
"(5, 4, 1, 1, 5)",3,Estruturação,INOVADOR
"(5, 4, 1, 2, 1)",3,Estruturação,NEUTRO
"(5, 4, 1, 2, 2)",3,Estruturação,NEUTRO
"(5, 4, 1, 2, 3)",3,Estruturação,NEUTRO
"(5, 4, 1, 2, 4)",3,Estruturação,ESTAVEL
"(5, 4, 1, 2, 5)",3,Estruturação,INOVADOR
"(5, 4, 1, 3, 1)",3,Estruturação,NEUTRO
"(5, 4, 1, 3, 2)",3,Estruturação,NEUTRO
"(5, 4, 1, 3, 3)",3,Estruturação,NEUTRO
"(5, 4, 1, 3, 4)",3,Estruturação,ESTAVEL
"(5, 4, 1, 3, 5)",3,Estruturação,INOVADOR
"(5, 4, 1, 4, 1)",3,Estruturação,ESTAVEL
"(5, 4, 1, 4, 2)",3,Estruturação,ESTAVEL
"(5, 4, 1, 4, 3)",3,Estruturação,ESTAVEL
"(5, 4, 1, 4, 4)",3,Estruturação,ESTAVEL
"(5, 4, 1, 4, 5)",3,Estruturação,ESTAVEL
"(5, 4, 1, 5, 1)",3,Estruturação,PROCESSUAL
"(5, 4, 1, 5, 2)",3,Estruturação,PROCESSUAL
"(5, 4, 1, 5, 3)",3,Estruturação,PROCESSUAL
"(5, 4, 1, 5, 4)",3,Estruturação,ESTAVEL
"(5, 4, 1, 5, 5)",3,Estruturação,IDEAL
"(5, 4, 2, 1, 1)",3,Estruturação,NEUTRO
"(5, 4, 2, 1, 2)",3,Estruturação,NEUTRO
"(5, 4, 2, 1, 3)",3,Estruturação,NEUTRO
"(5, 4, 2, 1, 4)",3,Estruturação,ESTAVEL
"(5, 4, 2, 1, 5)",3,Estruturação,INOVADOR
"(5, 4, 2, 2, 1)",3,Estruturação,NEUTRO
"(5, 4, 2, 2, 2)",3,Estruturação,NEUTRO
"(5, 4, 2, 2, 3)",3,Estruturação,NEUTRO
"(5, 4, 2, 2, 4)",3,Estruturação,ESTAVEL
"(5, 4, 2, 2, 5)",3,Estruturação,INOVADOR
"(5, 4, 2, 3, 1)",3,Estruturação,NEUTRO
"(5, 4, 2, 3, 2)",3,Estruturação,NEUTRO
"(5, 4, 2, 3, 3)",3,Estruturação,NEUTRO
"(5, 4, 2, 3, 4)",3,Estruturação,ESTAVEL
"(5, 4, 2, 3, 5)",3,Estruturação,INOVADOR
"(5, 4, 2, 4, 1)",3,Estruturação,ESTAVEL
"(5, 4, 2, 4, 2)",3,Estruturação,ESTAVEL
"(5, 4, 2, 4, 3)",3,Estruturação,ESTAVEL
"(5, 4, 2, 4, 4)",3,Estruturação,ESTAVEL
"(5, 4, 2, 4, 5)",3,Estruturação,ESTAVEL
"(5, 4, 2, 5, 1)",3,Estruturação,PROCESSUAL
"(5, 4, 2, 5, 2)",3,Estruturação,PROCESSUAL
"(5, 4, 2, 5, 3)",3,Estruturação,PROCESSUAL
"(5, 4, 2, 5, 4)",3,Estruturação,ESTAVEL
"(5, 4, 2, 5, 5)",3,Estruturação,IDEAL
"(5, 4, 3, 1, 1)",3,Estruturação,NEUTRO
"(5, 4, 3, 1, 2)",3,Estruturação,NEUTRO
"(5, 4, 3, 1, 3)",3,Estruturação,NEUTRO
"(5, 4, 3, 1, 4)",3,Estruturação,ESTAVEL
"(5, 4, 3, 1, 5)",3,Estruturação,INOVADOR
"(5, 4, 3, 2, 1)",3,Estruturação,NEUTRO
"(5, 4, 3, 2, 2)",3,Estruturação,NEUTRO
"(5, 4, 3, 2, 3)",3,Estruturação,NEUTRO
"(5, 4, 3, 2, 4)",3,Estruturação,ESTAVEL
"(5, 4, 3, 2, 5)",3,Estruturação,INOVADOR
"(5, 4, 3, 3, 1)",3,Estruturação,NEUTRO
"(5, 4, 3, 3, 2)",3,Estruturação,NEUTRO
"(5, 4, 3, 3, 3)",3,Estruturação,NEUTRO
"(5, 4, 3, 3, 4)",3,Estruturação,ESTAVEL
"(5, 4, 3, 3, 5)",3,Estruturação,INOVADOR
"(5, 4, 3, 4, 1)",3,Estruturação,ESTAVEL
"(5, 4, 3, 4, 2)",3,Estruturação,ESTAVEL
"(5, 4, 3, 4, 3)",3,Estruturação,ESTAVEL
"(5, 4, 3, 4, 4)",3,Estruturação,ESTAVEL
"(5, 4, 3, 4, 5)",3,Estruturação,ESTAVEL
"(5, 4, 3, 5, 1)",3,Estruturação,PROCESSUAL
"(5, 4, 3, 5, 2)",3,Estruturação,PROCESSUAL
"(5, 4, 3, 5, 3)",3,Estruturação,PROCESSUAL
"(5, 4, 3, 5, 4)",3,Estruturação,ESTAVEL
"(5, 4, 3, 5, 5)",3,Estruturação,IDEAL
"(5, 4, 4, 1, 1)",3,Estruturação,ESTAVEL
"(5, 4, 4, 1, 2)",3,Estruturação,ESTAVEL
"(5, 4, 4, 1, 3)",3,Estruturação,ESTAVEL
"(5, 4, 4, 1, 4)",3,Estruturação,ESTAVEL
"(5, 4, 4, 1, 5)",3,Estruturação,INOVADOR
"(5, 4, 4, 2, 1)",3,Estruturação,ESTAVEL
"(5, 4, 4, 2, 2)",3,Estruturação,ESTAVEL
"(5, 4, 4, 2, 3)",3,Estruturação,ESTAVEL
"(5, 4, 4, 2, 4)",3,Estruturação,ESTAVEL
"(5, 4, 4, 2, 5)",3,Estruturação,INOVADOR
"(5, 4, 4, 3, 1)",3,Estruturação,ESTAVEL
"(5, 4, 4, 3, 2)",3,Estruturação,ESTAVEL
"(5, 4, 4, 3, 3)",3,Estruturação,ESTAVEL
"(5, 4, 4, 3, 4)",3,Estruturação,ESTAVEL
"(5, 4, 4, 3, 5)",3,Estruturação,INOVADOR
"(5, 4, 4, 4, 1)",3,Estruturação,ESTAVEL
"(5, 4, 4, 4, 2)",3,Estruturação,ESTAVEL
"(5, 4, 4, 4, 3)",3,Estruturação,ESTAVEL
"(5, 4, 4, 4, 4)",3,Estruturação,ESTAVEL
"(5, 4, 4, 4, 5)",3,Estruturação,ESTAVEL
"(5, 4, 4, 5, 1)",3,Estruturação,ESTAVEL
"(5, 4, 4, 5, 2)",3,Estruturação,ESTAVEL
"(5, 4, 4, 5, 3)",3,Estruturação,ESTAVEL
"(5, 4, 4, 5, 4)",3,Estruturação,ESTAVEL
"(5, 4, 4, 5, 5)",4,Coexistência,IDEAL
"(5, 4, 5, 1, 1)",3,Estruturação,INOVADOR
"(5, 4, 5, 1, 2)",3,Estruturação,INOVADOR
"(5, 4, 5, 1, 3)",3,Estruturação,INOVADOR
"(5, 4, 5, 1, 4)",3,Estruturação,INOVADOR
"(5, 4, 5, 1, 5)",3,Estruturação,INOVADOR
"(5, 4, 5, 2, 1)",3,Estruturação,INOVADOR
"(5, 4, 5, 2, 2)",3,Estruturação,INOVADOR
"(5, 4, 5, 2, 3)",3,Estruturação,INOVADOR
"(5, 4, 5, 2, 4)",3,Estruturação,INOVADOR
"(5, 4, 5, 2, 5)",4,Coexistência,INOVADOR
"(5, 4, 5, 3, 1)",3,Estruturação,INOVADOR
"(5, 4, 5, 3, 2)",3,Estruturação,INOVADOR
"(5, 4, 5, 3, 3)",3,Estruturação,INOVADOR
"(5, 4, 5, 3, 4)",3,Estruturação,INOVADOR
"(5, 4, 5, 3, 5)",4,Coexistência,INOVADOR
"(5, 4, 5, 4, 1)",3,Estruturação,ESTAVEL
"(5, 4, 5, 4, 2)",3,Estruturação,ESTAVEL
"(5, 4, 5, 4, 3)",3,Estruturação,ESTAVEL
"(5, 4, 5, 4, 4)",3,Estruturação,ESTAVEL
"(5, 4, 5, 4, 5)",4,Coexistência,IDEAL
"(5, 4, 5, 5, 1)",3,Estruturação,IDEAL
"(5, 4, 5, 5, 2)",3,Estruturação,IDEAL
"(5, 4, 5, 5, 3)",3,Estruturação,IDEAL
"(5, 4, 5, 5, 4)",4,Coexistência,IDEAL
"(5, 4, 5, 5, 5)",4,Coexistência,IDEAL
"(5, 5, 1, 1, 1)",3,Estruturação,NEUTRO
"(5, 5, 1, 1, 2)",3,Estruturação,NEUTRO
"(5, 5, 1, 1, 3)",3,Estruturação,NEUTRO
"(5, 5, 1, 1, 4)",3,Estruturação,ESTAVEL
"(5, 5, 1, 1, 5)",3,Estruturação,IDEAL
"(5, 5, 1, 2, 1)",3,Estruturação,NEUTRO
"(5, 5, 1, 2, 2)",3,Estruturação,NEUTRO
"(5, 5, 1, 2, 3)",3,Estruturação,NEUTRO
"(5, 5, 1, 2, 4)",3,Estruturação,ESTAVEL
"(5, 5, 1, 2, 5)",3,Estruturação,IDEAL
"(5, 5, 1, 3, 1)",3,Estruturação,NEUTRO
"(5, 5, 1, 3, 2)",3,Estruturação,NEUTRO
"(5, 5, 1, 3, 3)",3,Estruturação,NEUTRO
"(5, 5, 1, 3, 4)",3,Estruturação,ESTAVEL
"(5, 5, 1, 3, 5)",3,Estruturação,IDEAL
"(5, 5, 1, 4, 1)",3,Estruturação,PROCESSUAL
"(5, 5, 1, 4, 2)",3,Estruturação,PROCESSUAL
"(5, 5, 1, 4, 3)",3,Estruturação,PROCESSUAL
"(5, 5, 1, 4, 4)",3,Estruturação,ESTAVEL
"(5, 5, 1, 4, 5)",3,Estruturação,IDEAL
"(5, 5, 1, 5, 1)",3,Estruturação,PROCESSUAL
"(5, 5, 1, 5, 2)",3,Estruturação,PROCESSUAL
"(5, 5, 1, 5, 3)",3,Estruturação,PROCESSUAL
"(5, 5, 1, 5, 4)",3,Estruturação,IDEAL
"(5, 5, 1, 5, 5)",3,Estruturação,IDEAL
"(5, 5, 2, 1, 1)",3,Estruturação,NEUTRO
"(5, 5, 2, 1, 2)",3,Estruturação,NEUTRO
"(5, 5, 2, 1, 3)",3,Estruturação,NEUTRO
"(5, 5, 2, 1, 4)",3,Estruturação,ESTAVEL
"(5, 5, 2, 1, 5)",3,Estruturação,IDEAL
"(5, 5, 2, 2, 1)",3,Estruturação,NEUTRO
"(5, 5, 2, 2, 2)",3,Estruturação,NEUTRO
"(5, 5, 2, 2, 3)",3,Estruturação,NEUTRO
"(5, 5, 2, 2, 4)",3,Estruturação,ESTAVEL
"(5, 5, 2, 2, 5)",3,Estruturação,IDEAL
"(5, 5, 2, 3, 1)",3,Estruturação,NEUTRO
"(5, 5, 2, 3, 2)",3,Estruturação,NEUTRO
"(5, 5, 2, 3, 3)",3,Estruturação,NEUTRO
"(5, 5, 2, 3, 4)",3,Estruturação,ESTAVEL
"(5, 5, 2, 3, 5)",3,Estruturação,IDEAL
"(5, 5, 2, 4, 1)",3,Estruturação,PROCESSUAL
"(5, 5, 2, 4, 2)",3,Estruturação,PROCESSUAL
"(5, 5, 2, 4, 3)",3,Estruturação,PROCESSUAL
"(5, 5, 2, 4, 4)",3,Estruturação,ESTAVEL
"(5, 5, 2, 4, 5)",3,Estruturação,IDEAL
"(5, 5, 2, 5, 1)",3,Estruturação,PROCESSUAL
"(5, 5, 2, 5, 2)",3,Estruturação,PROCESSUAL
"(5, 5, 2, 5, 3)",3,Estruturação,PROCESSUAL
"(5, 5, 2, 5, 4)",3,Estruturação,IDEAL
"(5, 5, 2, 5, 5)",3,Estruturação,IDEAL
"(5, 5, 3, 1, 1)",3,Estruturação,NEUTRO
"(5, 5, 3, 1, 2)",3,Estruturação,NEUTRO
"(5, 5, 3, 1, 3)",3,Estruturação,NEUTRO
"(5, 5, 3, 1, 4)",3,Estruturação,ESTAVEL
"(5, 5, 3, 1, 5)",3,Estruturação,IDEAL
"(5, 5, 3, 2, 1)",3,Estruturação,NEUTRO
"(5, 5, 3, 2, 2)",3,Estruturação,NEUTRO
"(5, 5, 3, 2, 3)",3,Estruturação,NEUTRO
"(5, 5, 3, 2, 4)",3,Estruturação,ESTAVEL
"(5, 5, 3, 2, 5)",3,Estruturação,IDEAL
"(5, 5, 3, 3, 1)",3,Estruturação,NEUTRO
"(5, 5, 3, 3, 2)",3,Estruturação,NEUTRO
"(5, 5, 3, 3, 3)",3,Estruturação,NEUTRO
"(5, 5, 3, 3, 4)",3,Estruturação,ESTAVEL
"(5, 5, 3, 3, 5)",3,Estruturação,IDEAL
"(5, 5, 3, 4, 1)",3,Estruturação,PROCESSUAL
"(5, 5, 3, 4, 2)",3,Estruturação,PROCESSUAL
"(5, 5, 3, 4, 3)",3,Estruturação,PROCESSUAL
"(5, 5, 3, 4, 4)",3,Estruturação,ESTAVEL
"(5, 5, 3, 4, 5)",3,Estruturação,IDEAL
"(5, 5, 3, 5, 1)",3,Estruturação,PROCESSUAL
"(5, 5, 3, 5, 2)",3,Estruturação,PROCESSUAL
"(5, 5, 3, 5, 3)",3,Estruturação,PROCESSUAL
"(5, 5, 3, 5, 4)",3,Estruturação,IDEAL
"(5, 5, 3, 5, 5)",4,Coexistência,IDEAL
"(5, 5, 4, 1, 1)",3,Estruturação,ESTAVEL
"(5, 5, 4, 1, 2)",3,Estruturação,ESTAVEL
"(5, 5, 4, 1, 3)",3,Estruturação,ESTAVEL
"(5, 5, 4, 1, 4)",3,Estruturação,ESTAVEL
"(5, 5, 4, 1, 5)",3,Estruturação,IDEAL
"(5, 5, 4, 2, 1)",3,Estruturação,ESTAVEL
"(5, 5, 4, 2, 2)",3,Estruturação,ESTAVEL
"(5, 5, 4, 2, 3)",3,Estruturação,ESTAVEL
"(5, 5, 4, 2, 4)",3,Estruturação,ESTAVEL
"(5, 5, 4, 2, 5)",3,Estruturação,IDEAL
"(5, 5, 4, 3, 1)",3,Estruturação,ESTAVEL
"(5, 5, 4, 3, 2)",3,Estruturação,ESTAVEL
"(5, 5, 4, 3, 3)",3,Estruturação,ESTAVEL
"(5, 5, 4, 3, 4)",3,Estruturação,ESTAVEL
"(5, 5, 4, 3, 5)",3,Estruturação,IDEAL
"(5, 5, 4, 4, 1)",3,Estruturação,ESTAVEL
"(5, 5, 4, 4, 2)",3,Estruturação,ESTAVEL
"(5, 5, 4, 4, 3)",3,Estruturação,ESTAVEL
"(5, 5, 4, 4, 4)",3,Estruturação,ESTAVEL
"(5, 5, 4, 4, 5)",4,Coexistência,IDEAL
"(5, 5, 4, 5, 1)",3,Estruturação,IDEAL
"(5, 5, 4, 5, 2)",3,Estruturação,IDEAL
"(5, 5, 4, 5, 3)",3,Estruturação,IDEAL
"(5, 5, 4, 5, 4)",3,Estruturação,IDEAL
"(5, 5, 4, 5, 5)",4,Coexistência,IDEAL
"(5, 5, 5, 1, 1)",3,Estruturação,IDEAL
"(5, 5, 5, 1, 2)",3,Estruturação,IDEAL
"(5, 5, 5, 1, 3)",3,Estruturação,IDEAL
"(5, 5, 5, 1, 4)",3,Estruturação,IDEAL
"(5, 5, 5, 1, 5)",3,Estruturação,IDEAL
"(5, 5, 5, 2, 1)",3,Estruturação,IDEAL
"(5, 5, 5, 2, 2)",3,Estruturação,IDEAL
"(5, 5, 5, 2, 3)",3,Estruturação,IDEAL
"(5, 5, 5, 2, 4)",3,Estruturação,IDEAL
"(5, 5, 5, 2, 5)",4,Coexistência,IDEAL
"(5, 5, 5, 3, 1)",3,Estruturação,IDEAL
"(5, 5, 5, 3, 2)",3,Estruturação,IDEAL
"(5, 5, 5, 3, 3)",3,Estruturação,IDEAL
"(5, 5, 5, 3, 4)",3,Estruturação,IDEAL
"(5, 5, 5, 3, 5)",4,Coexistência,IDEAL
"(5, 5, 5, 4, 1)",3,Estruturação,IDEAL
"(5, 5, 5, 4, 2)",3,Estruturação,IDEAL
"(5, 5, 5, 4, 3)",3,Estruturação,IDEAL
"(5, 5, 5, 4, 4)",4,Coexistência,IDEAL
"(5, 5, 5, 4, 5)",4,Coexistência,IDEAL
"(5, 5, 5, 5, 1)",3,Estruturação,IDEAL
"(5, 5, 5, 5, 2)",3,Estruturação,IDEAL
"(5, 5, 5, 5, 3)",4,Coexistência,IDEAL
"(5, 5, 5, 5, 4)",4,Coexistência,IDEAL
"(5, 5, 5, 5, 5)",4,Coexistência,IDEAL
